0.000799,0.006181,0.689181,-0.379709,0.006670,0.924599,-0.029873,-1.454919,-0.117114,-0.122425,0.814573,-0.300728,0.064037,-1.449255,0.036787,0.113963,0.830364,-0.143898,-0.025875,-0.065885,-0.093814,0.407304,0.689205,0.410570,-0.049015,1.456421,0.155075,-0.130275,0.118044,0.694423,-0.437375,0.112006,1.431191,-0.290387,-0.106931,-0.019276
0.005603,0.006412,0.679049,-0.394063,0.010672,0.918485,-0.031378,-1.524960,-0.129618,-0.112949,0.867736,-0.323708,0.065352,-1.517908,0.031511,0.119703,0.873264,-0.140482,-0.027253,-0.071862,-0.100065,0.396381,0.690618,0.371877,-0.056466,1.451931,0.120009,-0.120216,0.113087,0.704873,-0.406863,0.129781,1.432715,-0.242457,-0.096590,-0.002292
0.009536,0.004270,0.668442,-0.406154,0.015800,0.912896,-0.037554,-1.580614,-0.137934,-0.082938,0.949585,-0.370713,0.067639,-1.589338,0.009567,0.118729,0.933997,-0.148311,-0.030871,-0.085526,-0.100045,0.344947,0.674738,0.331864,-0.083752,1.450379,0.076310,-0.104013,0.101726,0.711616,-0.374220,0.176847,1.426251,-0.184648,-0.092025,0.022345
0.009731,0.001209,0.653946,-0.411387,0.016722,0.910537,-0.037462,-1.602848,-0.125533,-0.063653,1.038326,-0.448117,0.109612,-1.654334,0.009411,0.117772,1.039220,-0.258098,-0.041972,-0.088781,-0.096897,0.256557,0.608365,0.296533,-0.146506,1.447181,0.037289,-0.074825,0.086209,0.666227,-0.355324,0.253710,1.417693,-0.125337,-0.083396,0.042267
0.006848,-0.000557,0.639761,-0.404754,0.015492,0.913467,-0.038885,-1.627540,-0.112966,-0.046069,1.127428,-0.493599,0.110379,-1.692742,0.012521,0.110156,1.182776,-0.334918,-0.047462,-0.092220,-0.093066,0.156445,0.468336,0.266874,-0.227439,1.435376,-0.003277,-0.049709,0.068413,0.538247,-0.350389,0.343293,1.411672,-0.061699,-0.071826,0.046101
0.002510,-0.001792,0.624851,-0.391182,0.010532,0.919105,-0.045961,-1.642104,-0.110151,-0.041501,1.226786,-0.536746,0.112262,-1.702286,0.014470,0.110406,1.296930,-0.405675,-0.052018,-0.089531,-0.066345,0.017949,0.294553,0.261385,-0.309295,1.419421,-0.041209,-0.037741,0.053011,0.382881,-0.360361,0.420587,1.397094,-0.005546,-0.061434,0.031023
-0.004107,-0.003239,0.604379,-0.366442,0.009236,0.928690,-0.056294,-1.643893,-0.108058,-0.024766,1.346249,-0.554199,0.102619,-1.689627,0.014174,0.112856,1.414199,-0.457402,-0.048689,-0.058045,-0.031197,-0.168701,0.129598,0.290574,-0.400649,1.398209,-0.063872,-0.043213,0.050284,0.253176,-0.389493,0.475818,1.366607,0.031200,-0.058286,0.004763
-0.010507,-0.002492,0.592390,-0.333971,0.012794,0.940121,-0.066869,-1.595170,-0.109929,-0.016558,1.414331,-0.566117,0.068847,-1.636424,0.009795,0.127853,1.508265,-0.438865,-0.057762,0.032986,-0.028649,-0.362212,-0.121262,0.342953,-0.529173,1.341916,-0.078748,-0.064724,0.072344,0.102874,-0.450319,0.511242,1.262717,0.058458,-0.076393,-0.032623
-0.002259,0.002595,0.603724,-0.290553,0.015658,0.953124,-0.083001,-1.497105,-0.139289,-0.037354,1.424446,-0.726027,0.014857,-1.496024,-0.053829,0.089710,1.445783,-0.549180,-0.085157,0.083691,-0.051917,-0.444669,-0.526013,0.378139,-0.732201,1.170657,-0.124028,-0.121586,0.151222,-0.205523,-0.583811,0.578484,0.974420,0.088181,-0.110703,-0.118749
0.012243,0.018505,0.628117,-0.220875,0.028739,0.968851,-0.108244,-1.308830,-0.149006,-0.053551,1.292574,-0.578336,-0.122302,-1.326521,-0.112615,0.061950,1.398638,-0.520790,-0.070878,0.040784,-0.125701,-0.357592,-1.064461,0.417359,-0.906940,0.939769,-0.165691,-0.216592,0.258007,-0.619262,-0.726702,0.666233,0.617667,0.104930,-0.210859,-0.255761
0.010424,0.034034,0.670022,-0.178090,0.022893,0.977620,-0.109627,-1.088294,-0.110852,-0.103023,1.023394,-0.121989,-0.193471,-1.135581,-0.107211,-0.011660,1.234383,-0.429713,-0.098036,-0.039536,-0.179575,-0.360195,-1.470509,0.450102,-0.961429,0.819989,-0.159497,-0.288290,0.311063,-0.984806,-0.808605,0.668170,0.430691,0.120463,-0.285664,-0.336299
-0.003598,0.038765,0.723554,-0.125632,0.007626,0.986928,-0.100652,-1.012957,-0.027243,-0.019174,1.135763,0.052665,-0.198617,-0.900131,-0.068213,-0.076947,1.035016,-0.217882,-0.090615,-0.056562,-0.162368,-0.428710,-1.581966,0.483417,-0.882583,0.823013,-0.122431,-0.308333,0.290600,-1.180279,-0.888426,0.590355,0.438670,0.131700,-0.300735,-0.337342
-0.019977,0.035915,0.776287,-0.081453,0.013527,0.992155,-0.093869,-1.043826,0.012529,0.046893,1.236261,0.001552,-0.128763,-0.794506,-0.088845,-0.043761,1.061094,0.181718,-0.078613,-0.009766,-0.145229,-0.558661,-1.522305,0.602665,-0.762021,0.872520,-0.110374,-0.306492,0.234448,-1.300735,-0.974424,0.597767,0.630653,0.128592,-0.288357,-0.269578
-0.024477,0.033783,0.825425,0.002516,0.019119,0.995185,-0.096101,-0.986501,0.021624,0.072913,1.234074,-0.124055,-0.050204,-0.680859,-0.102224,-0.008172,1.144010,0.059489,-0.073186,0.027706,-0.114856,-0.558866,-1.442447,0.711222,-0.689177,0.915173,-0.125796,-0.294969,0.181823,-1.303172,-1.054366,0.582723,0.732535,0.121882,-0.275402,-0.188134
-0.030869,0.036582,0.872401,0.125666,0.022172,0.986152,-0.105928,-0.735762,0.021918,0.096634,1.285695,-0.199260,-0.010687,-0.547262,-0.071053,-0.049855,1.270761,-0.091451,-0.064110,-0.030913,-0.080636,-0.527714,-1.347563,0.740594,-0.707455,0.885036,-0.144497,-0.290001,0.152119,-1.216883,-1.065065,0.583059,0.698570,0.133940,-0.284944,-0.140525
-0.033513,0.044995,0.908196,0.253345,0.035700,0.959719,-0.116109,-0.505815,0.038842,0.092759,1.413076,-0.198824,-0.008421,-0.447892,-0.067237,-0.095300,1.490545,-0.150124,-0.061441,-0.113633,-0.095780,-0.492489,-1.260802,0.720174,-0.746944,0.873171,-0.165169,-0.291882,0.143061,-1.121317,-1.000076,0.583570,0.645290,0.165065,-0.304182,-0.142987
-0.020204,0.057603,0.919693,0.371281,0.055293,0.917154,-0.133870,-0.480520,0.039544,0.055939,1.583543,-0.180589,-0.007527,-0.429677,-0.103282,-0.098465,1.726671,-0.179565,-0.068191,-0.183709,-0.159046,-0.396607,-1.162384,0.697829,-0.775968,0.901302,-0.177897,-0.276138,0.141326,-0.987706,-0.890130,0.581272,0.636820,0.192518,-0.313618,-0.151063
0.002333,0.066822,0.901617,0.497583,0.074381,0.851368,-0.148500,-0.566094,-0.002898,0.026375,1.739389,-0.178374,0.000017,-0.484602,-0.141348,-0.057812,1.905725,-0.209830,-0.077755,-0.216319,-0.233172,-0.170356,-1.071758,0.671948,-0.787357,0.945465,-0.175801,-0.243878,0.137801,-0.855538,-0.768789,0.574952,0.666197,0.205502,-0.305572,-0.149864
0.017547,0.066532,0.862237,0.625800,0.090680,0.760377,-0.148248,-0.680138,-0.076850,0.031243,1.841509,-0.195461,0.006201,-0.609212,-0.160387,0.007797,2.006126,-0.239543,-0.080885,-0.193509,-0.276792,0.135333,-1.001043,0.634267,-0.788627,0.982546,-0.165019,-0.215853,0.126769,-0.768252,-0.653380,0.557805,0.718252,0.215287,-0.281837,-0.148912
0.013318,0.057898,0.817512,0.736938,0.098667,0.656805,-0.125675,-0.811479,-0.108620,0.054481,1.901760,-0.223241,0.005301,-0.821101,-0.102353,0.061100,2.035234,-0.264667,-0.074203,-0.131824,-0.238913,0.398671,-0.919369,0.572433,-0.779462,0.995246,-0.152488,-0.203725,0.110623,-0.722375,-0.561581,0.516547,0.775878,0.234865,-0.250036,-0.151734
-0.014287,0.050554,0.784460,0.810930,0.079282,0.568371,-0.114287,-1.061444,-0.109629,0.057305,1.910728,-0.252089,-0.004048,-1.145406,-0.024117,0.061983,2.024809,-0.286326,-0.063028,-0.133512,-0.165051,0.458859,-0.819813,0.490515,-0.760458,0.994455,-0.140886,-0.194260,0.097954,-0.669702,-0.495610,0.461218,0.812200,0.265942,-0.227516,-0.153668
-0.056253,0.049786,0.769233,0.876588,0.029796,0.466274,-0.115303,-1.366153,-0.127070,0.057417,1.876454,-0.289906,-0.013075,-1.470588,0.011030,0.051314,2.001642,-0.323598,-0.057779,-0.180468,-0.112955,0.432826,-0.795540,0.449115,-0.730229,0.976677,-0.118722,-0.195682,0.121975,-0.629865,-0.470949,0.397444,0.763387,0.304171,-0.237393,-0.172119
-0.095477,0.055793,0.775483,0.934618,-0.009214,0.341616,-0.098509,-1.653169,-0.108743,0.074660,1.781032,-0.336242,-0.010213,-1.772920,0.120293,0.086648,1.886140,-0.375436,-0.085019,-0.166315,-0.082549,0.386028,-0.889973,0.474149,-0.705343,0.939611,-0.069535,-0.233187,0.243698,-0.635081,-0.486785,0.343846,0.606949,0.330658,-0.280629,-0.273580
-0.112795,0.065274,0.788546,0.983464,-0.045971,0.157152,-0.077386,-1.751863,-0.085328,0.125745,1.567437,-0.377050,0.007425,-1.861618,0.108111,0.100001,1.626686,-0.425427,-0.138526,-0.164644,-0.092611,0.442245,-1.064074,0.530151,-0.690961,0.948462,-0.028286,-0.280903,0.427899,-0.758115,-0.490812,0.332136,0.526794,0.350095,-0.324775,-0.452048
-0.094892,0.075193,0.800660,0.995367,-0.055168,-0.009913,-0.078125,-1.803809,-0.056318,0.156544,1.317997,-0.408838,0.035028,-1.895380,0.078192,0.099988,1.350747,-0.432107,-0.166433,-0.115103,-0.162938,0.400847,-1.188243,0.548482,-0.721060,1.004479,-0.018445,-0.278289,0.575654,-0.819604,-0.470879,0.332912,0.517109,0.384097,-0.330992,-0.603336
-0.047996,0.079041,0.791444,0.981313,-0.050679,-0.169891,-0.074791,-1.801963,-0.042107,0.129686,1.102729,-0.431631,0.050896,-1.877021,0.067235,0.075366,1.137865,-0.404146,-0.149928,-0.071024,-0.190088,0.331052,-1.231345,0.552629,-0.737361,1.015310,-0.057780,-0.206958,0.647690,-0.826314,-0.454016,0.356129,0.537891,0.380512,-0.310593,-0.657524
0.016924,0.076652,0.755403,0.947893,-0.063507,-0.304370,-0.069458,-1.819435,-0.106182,0.098224,0.896449,-0.432023,0.055056,-1.887553,0.018733,0.041257,0.908215,-0.338578,-0.098263,-0.105147,-0.195740,0.211145,-1.286216,0.542578,-0.690017,0.989257,-0.102334,-0.095869,0.667119,-0.787309,-0.442067,0.403614,0.514792,0.335688,-0.276262,-0.622739
0.090052,0.072256,0.696101,0.890931,-0.068023,-0.444675,-0.062284,-1.830326,-0.105454,0.135289,0.646960,-0.457424,0.054935,-1.854707,-0.030509,0.067886,0.643086,-0.287978,-0.045808,-0.132987,-0.205275,0.192257,-1.494094,0.590000,-0.545629,0.851463,-0.135177,-0.008925,0.638458,-0.754738,-0.442616,0.417985,0.457610,0.288765,-0.235869,-0.522136
0.165109,0.071654,0.625505,0.793738,0.016694,-0.605881,-0.051086,-1.756378,0.013381,-0.036125,0.257776,-0.177887,0.090171,-1.671480,0.087058,-0.036867,0.396487,-0.315175,-0.010814,0.073717,-0.088057,0.261919,-1.293901,0.575307,-0.595317,0.731876,-0.196592,0.139574,0.515760,-0.671693,-0.533742,0.405444,0.354038,0.284836,-0.170232,-0.389536
0.200946,0.085800,0.631350,0.701067,-0.019119,-0.712440,0.023843,-1.687685,-0.126853,-0.031498,0.532460,-0.365506,0.097339,-1.539501,-0.005352,0.030541,0.572122,-0.603924,-0.051385,-0.001557,-0.034575,0.510701,-1.306677,0.634606,-0.590304,0.530647,-0.270508,0.122237,0.307970,-0.804514,-0.675124,0.321409,0.202998,0.320945,-0.122133,-0.276169
0.231985,0.101244,0.648060,0.624491,-0.016664,-0.779131,0.051852,-1.677635,-0.152637,-0.051260,0.836259,-0.432434,0.079191,-1.509334,-0.003507,0.020271,0.876415,-0.655582,-0.071042,0.002323,-0.021339,0.626742,-1.347318,0.699424,-0.571081,0.299557,-0.298475,0.046138,0.170270,-0.863911,-0.849097,0.237844,0.065276,0.372390,-0.100822,-0.190306
0.265347,0.114417,0.648958,0.563295,-0.022168,-0.823604,0.062313,-1.685752,-0.167368,-0.054391,1.058517,-0.400956,0.071896,-1.578891,-0.028422,0.017308,1.125608,-0.696715,-0.092698,-0.009485,-0.038998,0.567069,-1.387461,0.808938,-0.562521,0.146377,-0.304906,-0.029238,0.100415,-0.863965,-1.036517,0.177933,-0.008310,0.417331,-0.104368,-0.145603
0.293743,0.126184,0.637921,0.505334,-0.038196,-0.859804,0.062581,-1.674763,-0.132572,-0.007369,1.138337,-0.437563,0.053053,-1.681637,-0.082695,0.054460,1.268992,-0.667564,-0.109020,-0.028064,-0.069945,0.495701,-1.423647,0.981489,-0.517097,0.044475,-0.315100,-0.089545,0.063710,-0.866792,-1.232445,0.110959,-0.053085,0.449008,-0.110269,-0.114978
0.314055,0.135063,0.627138,0.446277,-0.050088,-0.891216,0.063733,-1.633994,-0.101411,0.000356,1.147093,-0.445766,0.051741,-1.684719,-0.111039,0.104023,1.340173,-0.503299,-0.104957,-0.043440,-0.076365,0.470544,-1.389564,1.187960,-0.417946,-0.014930,-0.320126,-0.136407,0.044804,-0.862995,-1.435215,0.043914,-0.076267,0.449360,-0.117065,-0.085584
0.331521,0.140433,0.639992,0.367532,-0.060540,-0.926469,0.053947,-1.463683,-0.091902,-0.004219,1.104746,-0.360402,0.040780,-1.539386,-0.111704,0.104663,1.356380,-0.489510,-0.101776,-0.050236,-0.084580,0.596252,-1.326617,1.422849,-0.283005,-0.053800,-0.302267,-0.168615,0.037892,-0.870426,-1.630139,-0.033897,-0.099154,0.409403,-0.133848,-0.054370
0.343635,0.144073,0.661575,0.322806,-0.067333,-0.943235,0.039626,-1.317551,-0.076156,0.003192,1.008681,-0.334771,0.027546,-1.410436,-0.102342,0.106886,1.269221,-0.459764,-0.073374,-0.059978,-0.109817,0.582527,-1.165659,1.557392,-0.194041,-0.079734,-0.257375,-0.195218,0.025805,-0.809927,-1.711612,-0.061489,-0.132445,0.341476,-0.160116,-0.014241
0.351712,0.146965,0.690199,0.280820,-0.071151,-0.956885,0.021179,-1.146086,-0.057336,0.006478,0.867502,-0.292549,0.013685,-1.260879,-0.092105,0.099700,1.134227,-0.402151,-0.053346,-0.061906,-0.141472,0.541558,-0.998092,1.607255,-0.161921,-0.132563,-0.206022,-0.227378,-0.001199,-0.724635,-1.727485,-0.060531,-0.190737,0.277974,-0.202021,0.026754
0.355830,0.149374,0.716570,0.243942,-0.068559,-0.967363,-0.000647,-0.971301,-0.027300,-0.016700,0.708743,-0.242636,0.012175,-1.102468,-0.085241,0.104857,0.963775,-0.359594,-0.022858,-0.052293,-0.160968,0.483666,-0.828604,1.583143,-0.163345,-0.208893,-0.165505,-0.262404,-0.043930,-0.629948,-1.699130,-0.035826,-0.268828,0.231432,-0.249565,0.071682
0.356664,0.150972,0.739991,0.210815,-0.065212,-0.975090,-0.022462,-0.818552,-0.009475,-0.014343,0.593911,-0.168253,-0.015327,-0.942458,-0.100357,0.075887,0.766841,-0.280300,0.023316,-0.042985,-0.177995,0.422134,-0.652456,1.506726,-0.180016,-0.274680,-0.138878,-0.289392,-0.092629,-0.524393,-1.636489,0.012457,-0.346563,0.195154,-0.285305,0.119227
0.356384,0.149717,0.763123,0.177142,-0.052795,-0.982106,-0.036080,-0.669597,0.000942,0.004032,0.497358,-0.097209,-0.043964,-0.778912,-0.094318,0.037664,0.594870,-0.216435,0.057814,-0.055044,-0.165386,0.384747,-0.475614,1.387646,-0.197788,-0.295584,-0.123330,-0.300224,-0.133780,-0.411719,-1.543653,0.080246,-0.388778,0.156181,-0.302836,0.167269
0.353312,0.148227,0.780916,0.142556,-0.036831,-0.987595,-0.054565,-0.525335,0.043341,0.021950,0.404198,0.073878,-0.049900,-0.629411,-0.080028,0.007339,0.495857,-0.150452,0.076551,-0.052408,-0.134737,0.345096,-0.297502,1.238457,-0.221255,-0.264146,-0.109727,-0.301489,-0.160274,-0.299710,-1.430462,0.169750,-0.363541,0.113325,-0.305128,0.211163
0.349073,0.149268,0.799471,0.109117,-0.035356,-0.990542,-0.075293,-0.398117,0.052651,-0.002053,0.323099,0.138728,-0.038719,-0.501889,-0.129559,-0.020095,0.434260,0.030196,0.039265,-0.041939,-0.130618,0.299841,-0.138954,1.085411,-0.258202,-0.173621,-0.083834,-0.303067,-0.167512,-0.187606,-1.294218,0.261784,-0.274792,0.063761,-0.302796,0.239939
0.345268,0.151980,0.815956,0.079498,-0.028346,-0.991621,-0.097794,-0.294497,0.093998,0.033243,0.267473,0.194041,-0.047521,-0.395029,-0.152173,-0.033402,0.404837,0.055210,0.045554,-0.029528,-0.111439,0.257228,-0.009338,0.931388,-0.303362,-0.015658,-0.038626,-0.306160,-0.157679,-0.089980,-1.150203,0.338694,-0.139870,0.001206,-0.299604,0.249248
0.341780,0.155831,0.824207,0.050679,-0.026077,-0.991242,-0.119128,-0.207932,0.093203,0.055536,0.227796,0.164993,-0.056641,-0.301516,-0.173983,-0.037990,0.405634,0.201865,0.034893,-0.018184,-0.100612,0.221026,0.091291,0.785865,-0.345331,0.202425,0.011994,-0.308334,-0.140866,-0.002934,-1.009673,0.389839,0.017096,-0.069317,-0.297806,0.241867
0.341989,0.159541,0.825578,0.024489,-0.024679,-0.989428,-0.140793,-0.147000,0.086155,0.068786,0.213919,0.115333,-0.053809,-0.228683,-0.171391,-0.038115,0.373741,0.189778,0.040774,-0.014326,-0.092173,0.210892,0.156665,0.644736,-0.362275,0.462509,0.045433,-0.303740,-0.118713,0.060677,-0.877426,0.421398,0.182431,-0.128854,-0.297011,0.221664
0.345110,0.162227,0.821618,0.004611,-0.024578,-0.986231,-0.163474,-0.108389,0.099898,0.065981,0.216414,0.057685,-0.038525,-0.176600,-0.170831,-0.057457,0.339469,0.149359,0.009153,-0.018584,-0.085072,0.211774,0.192050,0.506211,-0.342527,0.713998,0.040996,-0.273867,-0.086350,0.097936,-0.748225,0.443370,0.356508,-0.178219,-0.284903,0.183975
0.349916,0.166572,0.809868,-0.007384,-0.033819,-0.981732,-0.187091,-0.091690,0.091398,0.065003,0.230554,-0.010158,-0.014765,-0.146111,-0.160390,-0.051857,0.319485,-0.046492,-0.025839,-0.025759,-0.106980,0.197048,0.209458,0.396589,-0.287458,0.910203,0.001392,-0.215598,-0.050373,0.116857,-0.616094,0.458132,0.545473,-0.217717,-0.248540,0.135115
0.354702,0.171270,0.793310,-0.012414,-0.051208,-0.974279,-0.219097,-0.083864,0.067664,0.072662,0.265986,-0.075318,0.012044,-0.138883,-0.167465,-0.000506,0.241728,-0.366871,-0.104643,-0.027404,-0.150398,0.165510,0.213600,0.333676,-0.232649,1.066866,-0.026784,-0.132364,-0.026887,0.126808,-0.498527,0.461479,0.731827,-0.244615,-0.184469,0.092615
0.356229,0.168735,0.791457,-0.021526,-0.039537,-0.967996,-0.246894,-0.048427,0.092327,0.056197,0.301372,-0.123977,0.035908,-0.166295,-0.134965,0.043670,0.297940,-0.328782,-0.102636,-0.042619,-0.121177,0.168284,0.189018,0.263345,-0.186435,1.215575,-0.036510,-0.068549,-0.010453,0.127412,-0.401737,0.430471,0.924261,-0.241028,-0.106818,0.061550
0.353950,0.166211,0.793930,-0.029642,-0.033967,-0.963854,-0.262589,-0.012963,0.100961,0.045749,0.308837,-0.146552,0.054575,-0.168435,-0.125763,0.066816,0.330591,-0.311004,-0.098338,-0.076710,-0.106656,0.153564,0.173153,0.223568,-0.155122,1.313236,-0.031512,-0.047042,-0.019511,0.147770,-0.322124,0.378863,1.068714,-0.203274,-0.050546,0.036287
0.351106,0.163099,0.795522,-0.033347,-0.034257,-0.960330,-0.274738,0.011288,0.095580,0.042631,0.285148,-0.131106,0.068033,-0.167196,-0.131458,0.082243,0.331154,-0.284040,-0.100619,-0.110883,-0.105297,0.127488,0.154608,0.214606,-0.134426,1.354792,-0.030386,-0.047985,-0.034374,0.166182,-0.269490,0.328674,1.157687,-0.147637,-0.023572,0.015795
0.348114,0.158210,0.795301,-0.033059,-0.031670,-0.957828,-0.283671,0.022425,0.083296,0.037694,0.224023,-0.050173,0.090724,-0.167190,-0.130267,0.093447,0.320115,-0.249863,-0.105225,-0.139133,-0.097352,0.104379,0.135258,0.225858,-0.134760,1.370387,-0.029617,-0.043151,-0.031828,0.177207,-0.245013,0.293605,1.198237,-0.090371,-0.015962,0.000302
0.344971,0.151889,0.793690,-0.034343,-0.026187,-0.956059,-0.289974,0.033027,0.074188,0.038383,0.165703,-0.019828,0.100514,-0.156565,-0.128883,0.104982,0.301979,-0.233120,-0.066768,-0.158501,-0.090248,0.095497,0.119299,0.244857,-0.139551,1.369159,-0.034929,-0.048060,-0.022287,0.183449,-0.234081,0.270466,1.209674,-0.035639,-0.020365,-0.011472
0.340892,0.145510,0.792665,-0.036145,-0.025081,-0.951556,-0.304312,0.061338,0.084884,0.051253,0.129811,-0.028326,0.099885,-0.148525,-0.140583,0.133089,0.282821,-0.270101,0.064452,-0.158393,-0.099733,0.080853,0.109904,0.261892,-0.144476,1.367390,-0.041691,-0.055447,-0.014411,0.187537,-0.225400,0.254614,1.209743,0.017042,-0.029574,-0.017659
