-0.027287,-0.040439,0.794226,-0.007404,0.040430,0.515887,0.855670,-0.256915,-0.108593,-0.199958,0.384077,-0.066987,0.083496,-1.008041,-0.028337,-0.139698,1.899616,0.376781,0.261800,0.091124,-0.091363,0.079357,-0.110143,0.842791,-0.846683,-0.042098,0.110295,-0.243316,-0.365725,-0.177130,-1.494568,-0.576229,-0.332469,0.830230,-0.300000,-0.230470
-0.028906,-0.042951,0.807265,-0.028896,0.006956,0.495625,0.868028,-0.195847,-0.023474,-0.244290,0.341623,-0.012813,0.124988,-1.089733,-0.073835,-0.147407,1.914946,0.423818,0.261299,0.072755,-0.082927,0.119021,-0.103955,0.818693,-0.852124,-0.035999,0.091501,-0.230650,-0.372129,-0.241353,-1.726423,-0.678657,-0.127062,0.761264,-0.301274,-0.209859
-0.030394,-0.046170,0.820100,-0.048762,-0.018899,0.480735,0.875305,-0.152136,0.055412,-0.266634,0.300798,0.038426,0.136441,-1.130812,-0.137290,-0.123338,1.803874,0.444422,0.260021,0.052107,-0.085147,0.151799,-0.110840,0.786733,-0.859513,-0.027320,0.084114,-0.218594,-0.379050,-0.292582,-1.914643,-0.739479,0.080568,0.671136,-0.304473,-0.190062
-0.032094,-0.048279,0.832348,-0.066786,-0.035385,0.465848,0.881631,-0.132001,0.121488,-0.263568,0.272505,0.112324,0.129249,-1.136223,-0.214498,-0.075759,1.558437,0.432311,0.259264,0.041971,-0.098019,0.158449,-0.122924,0.753225,-0.871810,-0.020738,0.089237,-0.211641,-0.384572,-0.324450,-2.048178,-0.741639,0.260563,0.562717,-0.295818,-0.172267
-0.032167,-0.049051,0.843528,-0.080038,-0.049179,0.450575,0.887782,-0.114768,0.176629,-0.242895,0.253976,0.198858,0.127032,-1.113612,-0.296093,-0.022017,1.248021,0.396262,0.253913,0.037847,-0.118702,0.149189,-0.136182,0.728443,-0.882703,-0.017950,0.099072,-0.208864,-0.385664,-0.334263,-2.141398,-0.701774,0.398813,0.448885,-0.269384,-0.158191
-0.029335,-0.047876,0.849314,-0.087552,-0.062025,0.439173,0.891972,-0.092674,0.220198,-0.218440,0.257555,0.229616,0.074068,-1.069134,-0.379631,0.037388,0.914908,0.348849,0.239018,0.018580,-0.145081,0.128131,-0.151414,0.719292,-0.887244,-0.016361,0.109029,-0.208401,-0.383226,-0.328481,-2.205720,-0.634702,0.504514,0.334385,-0.229209,-0.143308
-0.023778,-0.045825,0.851203,-0.088491,-0.073228,0.429619,0.895675,-0.056613,0.248370,-0.188879,0.251687,0.236334,0.070886,-1.018606,-0.464126,0.093489,0.580735,0.299657,0.218400,-0.004427,-0.172620,0.105977,-0.170739,0.725296,-0.887672,-0.011895,0.117340,-0.204033,-0.377175,-0.310636,-2.266248,-0.548417,0.606995,0.223247,-0.185976,-0.124736
-0.017113,-0.043921,0.849154,-0.080303,-0.084237,0.420449,0.899821,-0.002250,0.242716,-0.168397,0.257071,0.156220,0.036578,-0.972508,-0.537790,0.133508,0.298404,0.258658,0.206915,-0.022464,-0.209038,0.099954,-0.192274,0.754266,-0.885824,-0.014098,0.119452,-0.193743,-0.363006,-0.300858,-2.264717,-0.499967,0.683814,0.111610,-0.144168,-0.103382
-0.012057,-0.039856,0.839487,-0.069745,-0.095033,0.417796,0.900861,0.045754,0.215039,-0.161273,0.276427,0.087812,0.027064,-0.943818,-0.609984,0.145837,0.143375,0.232668,0.206740,-0.045907,-0.222910,0.103993,-0.209988,0.789365,-0.879608,-0.022902,0.110556,-0.170418,-0.342711,-0.297907,-2.257453,-0.472988,0.764540,0.026066,-0.105572,-0.087440
-0.007394,-0.035760,0.828427,-0.062574,-0.103022,0.416592,0.901067,0.073831,0.207827,-0.144128,0.305521,-0.008353,0.044004,-0.934634,-0.653116,0.167334,0.105213,0.215744,0.203737,-0.056131,-0.216643,0.108725,-0.207266,0.818780,-0.867745,-0.033001,0.081662,-0.130739,-0.323895,-0.301279,-2.249930,-0.474227,0.830520,0.009138,-0.078988,-0.087740
-0.002805,-0.033587,0.821372,-0.063244,-0.107883,0.409332,0.903775,0.079768,0.217426,-0.136828,0.342548,-0.075602,0.054721,-0.947116,-0.639547,0.195678,0.180614,0.173880,0.185278,-0.042959,-0.193187,0.108781,-0.175867,0.832130,-0.849776,-0.040656,0.035631,-0.085818,-0.311440,-0.305343,-2.246103,-0.493805,0.869219,0.074462,-0.072056,-0.111055
0.002164,-0.033672,0.820493,-0.072908,-0.114422,0.399283,0.906733,0.074908,0.248429,-0.140931,0.379699,-0.101686,0.070449,-0.954609,-0.566876,0.200329,0.394232,0.115473,0.161567,-0.015896,-0.153536,0.106763,-0.132822,0.830324,-0.825982,-0.050205,-0.013529,-0.055232,-0.303705,-0.308580,-2.242995,-0.509942,0.878729,0.177430,-0.078927,-0.146447
0.009015,-0.035492,0.826219,-0.077565,-0.120652,0.392175,0.908639,0.063538,0.268728,-0.153899,0.419596,-0.056526,0.071910,-0.934901,-0.462930,0.168332,0.688766,0.080084,0.147035,0.013380,-0.129684,0.100180,-0.102695,0.820503,-0.804930,-0.056932,-0.050029,-0.044104,-0.310785,-0.307213,-2.232192,-0.516247,0.864532,0.271392,-0.091462,-0.171022
0.017763,-0.038524,0.837239,-0.064645,-0.126388,0.389443,0.910045,0.052606,0.251275,-0.161919,0.464180,0.079014,0.048081,-0.869671,-0.359989,0.104259,0.937941,0.099276,0.153116,0.034067,-0.141473,0.100078,-0.101171,0.800421,-0.793093,-0.037095,-0.068158,-0.046021,-0.340289,-0.297075,-2.216816,-0.523985,0.833545,0.347845,-0.099673,-0.156114
0.028325,-0.043938,0.851902,-0.039907,-0.126640,0.388892,0.911665,0.023729,0.208159,-0.163186,0.501834,0.314964,0.008600,-0.780377,-0.272264,0.038286,1.070468,0.161924,0.181065,0.045410,-0.182380,0.103789,-0.115410,0.767668,-0.791209,0.029027,-0.072131,-0.069744,-0.380836,-0.272034,-2.216820,-0.530530,0.799079,0.402349,-0.096771,-0.093163
0.040263,-0.054015,0.865860,-0.011903,-0.119362,0.389397,0.913226,-0.008090,0.167765,-0.144520,0.488331,0.504289,-0.032543,-0.665034,-0.178958,0.004593,1.061477,0.227655,0.215210,0.077157,-0.246729,0.122571,-0.125657,0.728217,-0.790480,0.141877,-0.060174,-0.126835,-0.392908,-0.238424,-2.233289,-0.524405,0.771980,0.416867,-0.088937,-0.016082
0.051968,-0.061576,0.871636,0.009483,-0.096329,0.403329,0.909921,-0.103377,0.080256,-0.104719,0.569600,0.527762,-0.087211,-0.535320,-0.076630,0.001333,0.919458,0.254732,0.225105,0.068585,-0.310354,0.105287,-0.119570,0.683693,-0.796581,0.280094,-0.032326,-0.188411,-0.352679,-0.212241,-2.243111,-0.502131,0.747676,0.378522,-0.098064,0.037985
0.062998,-0.063051,0.865334,0.017269,-0.066883,0.427358,0.901440,-0.217007,-0.009896,-0.037609,0.641756,0.473342,-0.127366,-0.418008,0.024304,0.027355,0.710130,0.227546,0.195203,0.025747,-0.335065,0.046815,-0.100603,0.642135,-0.805184,0.411834,0.007329,-0.237482,-0.286419,-0.200981,-2.242393,-0.473815,0.715530,0.292756,-0.110386,0.051644
0.071553,-0.061574,0.846140,0.020506,-0.039072,0.445148,0.894369,-0.305380,-0.076078,0.015344,0.649662,0.364154,-0.136613,-0.341118,0.087144,0.087440,0.545232,0.148916,0.135873,0.008861,-0.325284,-0.006795,-0.070526,0.615700,-0.804613,0.517074,0.052177,-0.267207,-0.236891,-0.190945,-2.261091,-0.445915,0.680483,0.195132,-0.123026,0.031151
0.078004,-0.059098,0.815679,0.030292,-0.019249,0.451780,0.891407,-0.347284,-0.134638,0.041157,0.645237,0.212909,-0.121017,-0.292196,0.104032,0.165095,0.476359,0.075948,0.080505,0.019389,-0.312269,-0.029660,-0.034320,0.611901,-0.804914,0.584374,0.099179,-0.274561,-0.216577,-0.195010,-2.257605,-0.461639,0.626185,0.132397,-0.139443,-0.022855
0.083650,-0.057029,0.778397,0.053325,0.003766,0.462927,0.884783,-0.387757,-0.224418,0.063892,0.684116,0.136831,-0.140682,-0.242100,0.054902,0.275315,0.428860,-0.004337,0.058072,0.020769,-0.330266,-0.037165,0.000698,0.649485,-0.829799,0.567148,0.145020,-0.265759,-0.208244,-0.205753,-2.255383,-0.518089,0.590595,0.130220,-0.155571,-0.109211
0.082281,-0.056827,0.765512,0.039819,0.011808,0.473636,0.879741,-0.485000,-0.219195,0.064650,0.841715,0.006060,-0.139460,-0.297699,0.077293,0.268359,0.513214,-0.241324,-0.023734,0.039638,-0.276102,-0.036634,0.009756,0.669375,-0.852892,0.523345,0.167544,-0.268883,-0.188936,-0.231888,-2.242680,-0.574407,0.547770,0.188145,-0.177797,-0.208567
0.080488,-0.054717,0.765376,0.021817,0.015908,0.494930,0.868513,-0.611501,-0.197718,0.078138,1.085786,0.035235,-0.173972,-0.347800,0.086532,0.215045,0.570373,-0.284713,-0.052943,0.049447,-0.220577,-0.038323,0.015392,0.725213,-0.861225,0.400046,0.174464,-0.285757,-0.152456,-0.252993,-2.243954,-0.627476,0.522510,0.288866,-0.200105,-0.287884
0.079086,-0.050820,0.766299,0.002373,0.025681,0.516400,0.855959,-0.763334,-0.168666,0.091339,1.367043,0.118767,-0.209403,-0.385307,0.082405,0.164190,0.581992,-0.309509,-0.077494,0.046450,-0.172060,-0.056730,0.026323,0.797732,-0.872114,0.261592,0.187597,-0.279979,-0.175797,-0.271026,-2.255868,-0.670622,0.508622,0.400000,-0.215935,-0.327075
0.078099,-0.046943,0.769220,-0.010363,0.035715,0.534515,0.844341,-0.912908,-0.134160,0.079575,1.634066,0.202256,-0.228154,-0.399463,0.069090,0.132564,0.564831,-0.334449,-0.092622,0.034680,-0.143123,-0.067809,0.036375,0.878928,-0.866395,0.111881,0.203393,-0.250466,-0.202998,-0.293113,-2.254073,-0.698129,0.486980,0.483942,-0.222267,-0.326950
0.077512,-0.041934,0.774467,-0.010011,0.043639,0.544794,0.837374,-1.037654,-0.091459,0.036799,1.859426,0.255636,-0.223903,-0.387607,0.038806,0.120440,0.536233,-0.350801,-0.110267,0.028672,-0.137084,-0.064601,0.055829,0.982625,-0.847980,-0.046037,0.176228,-0.206391,-0.255714,-0.327551,-2.245588,-0.695753,0.460291,0.535012,-0.222137,-0.302319
0.076298,-0.033511,0.783098,0.007052,0.052560,0.546320,0.835896,-1.134670,-0.037327,-0.012972,2.018750,0.271203,-0.207952,-0.344772,-0.030855,0.120486,0.483577,-0.340159,-0.108325,0.045303,-0.157706,-0.054001,0.091875,1.101247,-0.804058,-0.200405,0.111337,-0.174082,-0.287485,-0.383936,-2.223321,-0.665958,0.432737,0.546627,-0.215314,-0.271119
0.074239,-0.021814,0.794012,0.041863,0.060538,0.537938,0.839765,-1.194595,0.044191,-0.042232,2.067889,0.263807,-0.195986,-0.280232,-0.129036,0.140383,0.423697,-0.295033,-0.105294,0.095102,-0.200601,-0.029069,0.131230,1.211065,-0.756360,-0.326815,0.051582,-0.167685,-0.313305,-0.456171,-2.187315,-0.618578,0.405431,0.515302,-0.200212,-0.253677
0.074005,-0.014278,0.804758,0.089030,0.061350,0.530619,0.840686,-1.160508,0.091441,-0.017426,1.942821,0.263031,-0.198944,-0.203562,-0.213357,0.160196,0.345445,-0.065929,-0.054231,0.127550,-0.268592,0.042819,0.166542,1.293417,-0.710344,-0.416124,0.044561,-0.184104,-0.304611,-0.541999,-2.138157,-0.561131,0.381360,0.454571,-0.178910,-0.264410
0.074971,-0.010473,0.818698,0.122966,0.062076,0.523312,0.840934,-1.084776,0.110620,0.036507,1.667671,0.272119,-0.211190,-0.169261,-0.291591,0.124713,0.336175,-0.013736,-0.016164,0.170536,-0.332469,0.106011,0.183588,1.333415,-0.663450,-0.475136,0.070001,-0.205555,-0.305023,-0.624064,-2.088407,-0.497989,0.366864,0.394385,-0.156960,-0.297842
0.077243,-0.006553,0.832426,0.140679,0.060540,0.525043,0.837182,-1.007482,0.115119,0.061991,1.311639,0.288332,-0.225746,-0.153716,-0.339703,0.081899,0.348444,0.050681,0.025771,0.213162,-0.373877,0.143418,0.193595,1.349424,-0.645550,-0.514114,0.087305,-0.217157,-0.302158,-0.690795,-2.041638,-0.435662,0.354928,0.357823,-0.142664,-0.341314
0.080438,-0.000130,0.840079,0.146009,0.062002,0.538950,0.827267,-0.958516,0.120341,0.041062,0.933861,0.317634,-0.242521,-0.144539,-0.366186,0.063556,0.368460,0.090226,0.025968,0.231030,-0.399866,0.142057,0.203790,1.358093,-0.645799,-0.538459,0.085263,-0.222372,-0.298637,-0.756409,-1.991557,-0.368828,0.333809,0.348521,-0.140745,-0.382333
0.080655,0.008531,0.844804,0.144067,0.061729,0.560266,0.813349,-0.942771,0.143170,-0.011316,0.579711,0.349036,-0.248809,-0.122030,-0.378750,0.050478,0.366541,0.126138,-0.021970,0.229597,-0.399428,0.123382,0.202885,1.365697,-0.651925,-0.547739,0.067673,-0.230356,-0.294823,-0.829168,-1.933495,-0.302375,0.305734,0.362364,-0.152937,-0.423214
0.081246,0.015767,0.846250,0.140831,0.051831,0.574738,0.804461,-0.909509,0.155387,-0.082272,0.316321,0.355332,-0.233765,-0.101518,-0.310941,0.069449,0.395850,0.004101,-0.042886,0.262321,-0.385812,0.130996,0.196227,1.353682,-0.663641,-0.526072,0.059403,-0.253155,-0.284397,-0.903020,-1.865187,-0.227533,0.280323,0.364667,-0.165977,-0.468108
0.085034,0.023005,0.838605,0.142216,0.052401,0.593479,0.790450,-0.908264,0.123651,-0.116181,0.214534,0.337005,-0.203635,-0.115898,-0.237272,0.075435,0.459410,-0.116611,-0.052924,0.298307,-0.407073,0.131458,0.193171,1.318539,-0.667625,-0.471653,0.070305,-0.278332,-0.246112,-0.961396,-1.796243,-0.142601,0.269527,0.335561,-0.173126,-0.511875
0.087757,0.031244,0.820239,0.150192,0.065100,0.616996,0.769753,-0.964976,0.062308,-0.108616,0.298374,0.315991,-0.190390,-0.154657,-0.224492,0.072299,0.530869,-0.191702,-0.070223,0.318706,-0.450329,0.122261,0.185755,1.257740,-0.651646,-0.403733,0.101890,-0.291762,-0.180360,-1.023233,-1.734270,-0.046362,0.270392,0.272955,-0.162039,-0.552745
0.085994,0.038058,0.798357,0.167042,0.076395,0.636207,0.749334,-1.027304,-0.003625,-0.059371,0.513453,0.308920,-0.203731,-0.166398,-0.285190,0.045952,0.590307,-0.154242,-0.129787,0.327894,-0.482267,0.133889,0.173180,1.183640,-0.614388,-0.336270,0.155664,-0.296545,-0.109017,-1.102558,-1.676435,0.063017,0.276339,0.176414,-0.129915,-0.583873
0.081434,0.043624,0.788860,0.182310,0.081344,0.644223,0.738325,-1.067398,-0.036060,0.009151,0.765254,0.323680,-0.229646,-0.110439,-0.333633,0.048451,0.569947,-0.360134,-0.138914,0.346102,-0.487978,0.154460,0.163698,1.120486,-0.568823,-0.274785,0.210684,-0.294943,-0.050330,-1.208058,-1.611977,0.195710,0.286768,0.047729,-0.080914,-0.582409
0.072599,0.048192,0.797104,0.193024,0.068580,0.640681,0.739977,-1.058774,-0.059043,0.050973,0.965895,0.358413,-0.248738,-0.048880,-0.336004,0.077062,0.534695,-0.370596,-0.139978,0.363151,-0.444716,0.179833,0.144315,1.057959,-0.552336,-0.218565,0.260560,-0.291923,-0.006908,-1.306398,-1.539390,0.335279,0.300846,-0.115408,-0.044708,-0.519287
0.060908,0.052006,0.811548,0.195770,0.053295,0.623689,0.754882,-1.001542,-0.089346,0.068776,1.075318,0.401782,-0.258628,-0.010742,-0.334274,0.080086,0.480105,-0.247065,-0.082402,0.386193,-0.380454,0.182299,0.099672,1.011895,-0.584899,-0.190626,0.305958,-0.291503,0.011501,-1.379969,-1.454334,0.481061,0.333386,-0.296997,-0.037609,-0.388620
0.050357,0.056040,0.824090,0.187783,0.038989,0.601118,0.775805,-0.894958,-0.147678,0.062296,1.078983,0.436438,-0.267866,-0.009829,-0.290660,0.075401,0.436586,-0.144309,-0.023824,0.413394,-0.314970,0.151347,0.028070,0.972059,-0.659826,-0.180869,0.350680,-0.293929,0.004210,-1.379884,-1.344600,0.624216,0.382706,-0.465579,-0.055276,-0.226789
0.041540,0.060788,0.829716,0.181222,0.027810,0.574768,0.797513,-0.760218,-0.226226,0.048991,0.988282,0.448149,-0.267340,-0.020051,-0.252047,0.088587,0.415897,-0.031857,0.042910,0.431644,-0.272961,0.110278,-0.062460,0.932790,-0.741542,-0.181195,0.392494,-0.295999,-0.019637,-1.290505,-1.203561,0.763015,0.435990,-0.584173,-0.082244,-0.079145
0.032130,0.065466,0.830852,0.166381,0.015847,0.540827,0.824362,-0.621746,-0.270095,0.016754,0.860144,0.433758,-0.260611,-0.047350,-0.208436,0.108239,0.427201,0.011305,0.081697,0.440626,-0.224738,0.057529,-0.152015,0.874296,-0.802506,-0.167013,0.424297,-0.298130,-0.044353,-1.119485,-1.040470,0.890239,0.483028,-0.644779,-0.105192,0.032724
0.023317,0.069625,0.827654,0.142452,0.013574,0.501424,0.853286,-0.498269,-0.287993,-0.025094,0.722699,0.394352,-0.237564,-0.118893,-0.157590,0.109024,0.466694,0.024408,0.110272,0.437745,-0.187219,0.001234,-0.220109,0.798897,-0.834098,-0.120368,0.448320,-0.301659,-0.064695,-0.906374,-0.867697,0.987555,0.531632,-0.652186,-0.107244,0.111326
0.015958,0.073553,0.819754,0.108533,0.026741,0.470534,0.875273,-0.417539,-0.311849,-0.066228,0.599321,0.329003,-0.196726,-0.233319,-0.104681,0.085995,0.526051,0.017403,0.134519,0.404929,-0.169976,-0.058475,-0.257481,0.703861,-0.853796,-0.040710,0.460114,-0.301447,-0.088645,-0.684641,-0.709454,1.038377,0.577921,-0.611336,-0.082030,0.160908
0.007853,0.081020,0.804702,0.057404,0.038400,0.446120,0.892305,-0.379163,-0.303696,-0.108404,0.489914,0.505255,-0.220757,-0.354356,-0.009653,0.031313,0.670583,-0.060775,0.132634,0.373012,-0.107566,-0.135440,-0.253897,0.577998,-0.876644,0.051376,0.443893,-0.297530,-0.120486,-0.476932,-0.613979,1.055759,0.595227,-0.534425,-0.043005,0.198758
0.002800,0.084519,0.793938,0.032187,0.065967,0.425780,0.901845,-0.416356,-0.286676,-0.140727,0.484593,0.300696,-0.149870,-0.475831,0.020322,0.002081,0.892293,-0.083212,0.152579,0.346956,-0.106165,-0.171444,-0.220977,0.478117,-0.898752,0.143958,0.402676,-0.295851,-0.156880,-0.285956,-0.551897,1.020011,0.585945,-0.446249,-0.004003,0.229086
-0.003269,0.084113,0.787112,0.016598,0.088150,0.406632,0.909178,-0.477441,-0.279470,-0.171262,0.512980,0.154322,-0.104919,-0.592780,0.013773,-0.009789,1.130105,-0.081890,0.163956,0.298187,-0.108656,-0.172076,-0.167356,0.410410,-0.901767,0.237645,0.347848,-0.292773,-0.185309,-0.129677,-0.554449,0.968195,0.515342,-0.368032,0.005453,0.259825
-0.011420,0.081831,0.774263,0.007493,0.092893,0.377920,0.921136,-0.503077,-0.279915,-0.205409,0.530434,-0.094734,-0.049191,-0.685563,0.013390,-0.030322,1.345824,-0.059794,0.172322,0.246476,-0.088012,-0.126184,-0.117727,0.393645,-0.872921,0.311144,0.295244,-0.293254,-0.188282,-0.022542,-0.618242,0.907936,0.385182,-0.305452,-0.025065,0.283745
-0.019731,0.080189,0.753674,-0.006561,0.080521,0.336475,0.938221,-0.469034,-0.227285,-0.245564,0.531372,-0.102049,0.003759,-0.765001,0.003830,-0.074318,1.519600,-0.024431,0.184303,0.184978,-0.040741,-0.069107,-0.077477,0.441529,-0.809864,0.351956,0.255681,-0.298766,-0.160531,0.035604,-0.716054,0.824633,0.206290,-0.245578,-0.091813,0.290213
-0.023241,0.076351,0.753798,-0.008879,0.077036,0.297188,0.951665,-0.459812,-0.182315,-0.212754,0.541522,-0.231019,0.018873,-0.882584,-0.045725,-0.108467,1.670507,0.008219,0.196775,0.098454,-0.033406,-0.038526,-0.030927,0.546823,-0.702466,0.415216,0.209818,-0.301335,-0.106354,0.065548,-0.789757,0.711425,0.047854,-0.180864,-0.170114,0.270471
-0.021858,0.073397,0.766846,-0.020206,0.067553,0.254655,0.964458,-0.416256,-0.099143,-0.167389,0.500275,-0.240943,0.027852,-1.003374,-0.085125,-0.150533,1.790475,0.027981,0.203094,0.029102,-0.006420,-0.023473,0.026010,0.660430,-0.547279,0.530008,0.140117,-0.303823,-0.029345,0.086118,-0.846823,0.577509,-0.063087,-0.108518,-0.240566,0.227101
-0.017425,0.071325,0.780954,-0.038335,0.050683,0.210653,0.975493,-0.335655,0.009736,-0.109117,0.424025,-0.215937,0.040227,-1.115261,-0.131181,-0.162662,1.875130,0.038333,0.201607,-0.033062,0.027612,0.001826,0.070543,0.764038,-0.359819,0.689389,0.050189,-0.299226,0.062164,0.095248,-0.880271,0.427979,-0.105012,-0.041935,-0.284683,0.163275
-0.011900,0.069319,0.797166,-0.068578,0.033244,0.175275,0.981565,-0.285559,0.118734,-0.117907,0.392088,-0.138463,0.029090,-1.207461,-0.179860,-0.144574,1.898485,0.050891,0.195636,-0.085694,0.076097,0.028416,0.087048,0.840018,-0.167586,0.870428,-0.047395,-0.295712,0.166047,0.094429,-0.905823,0.277880,-0.080533,0.006380,-0.304580,0.079443
-0.005851,0.067402,0.817735,-0.104863,0.021498,0.143609,0.983828,-0.257611,0.223578,-0.162730,0.371891,-0.037761,0.025412,-1.266166,-0.220371,-0.106729,1.832036,0.077047,0.187079,-0.117109,0.134285,0.046540,0.086568,0.885011,0.000037,1.033685,-0.151931,-0.292817,0.275135,0.078678,-0.927271,0.150182,0.007534,0.034431,-0.309697,-0.017384
0.000724,0.065823,0.836357,-0.136611,0.016811,0.112674,0.984053,-0.240118,0.320441,-0.181986,0.333483,0.020309,0.006519,-1.281041,-0.260673,-0.053518,1.647639,0.110410,0.175834,-0.119807,0.179376,0.051709,0.074758,0.908202,0.127180,1.152540,-0.255987,-0.294766,0.372541,0.061240,-0.939364,0.050278,0.139029,0.055619,-0.306762,-0.110091
0.008247,0.065208,0.846917,-0.155540,0.015258,0.089641,0.983636,-0.234658,0.370229,-0.184851,0.312397,0.044705,-0.012412,-1.247085,-0.321297,0.015197,1.366000,0.140314,0.160669,-0.115507,0.196065,0.046138,0.058332,0.924114,0.207838,1.221901,-0.346111,-0.296160,0.440852,0.056504,-0.938033,-0.023932,0.285103,0.082497,-0.301828,-0.177541
0.017894,0.066193,0.847844,-0.163225,0.017272,0.069095,0.984015,-0.227845,0.361060,-0.180234,0.303909,0.041723,-0.025193,-1.193986,-0.383052,0.085914,1.031512,0.166782,0.144374,-0.102884,0.197488,0.022595,0.048912,0.946281,0.255481,1.259029,-0.416310,-0.297968,0.481513,0.067994,-0.931815,-0.080600,0.426201,0.114168,-0.292449,-0.218152
0.028430,0.068447,0.839392,-0.167799,0.012823,0.050549,0.984441,-0.201087,0.344119,-0.174332,0.323199,0.081109,-0.041058,-1.121278,-0.438875,0.131656,0.686844,0.192530,0.134619,-0.087500,0.206742,0.012969,0.036405,0.983023,0.285396,1.279632,-0.469713,-0.298098,0.512250,0.081940,-0.941284,-0.131789,0.560346,0.149661,-0.274558,-0.244729
0.037846,0.067221,0.829307,-0.161739,0.001032,0.040689,0.985994,-0.167077,0.340762,-0.152474,0.378284,-0.034200,-0.029597,-1.059399,-0.498678,0.169448,0.414069,0.195840,0.133909,-0.080962,0.190921,0.026332,-0.005301,1.046723,0.295191,1.292633,-0.499858,-0.297727,0.551254,0.088896,-0.940881,-0.188082,0.701980,0.198761,-0.249138,-0.269077
0.045313,0.063673,0.818629,-0.159269,-0.015871,0.030384,0.986640,-0.135238,0.350289,-0.128094,0.450322,-0.155833,-0.010413,-1.034290,-0.526426,0.197204,0.306517,0.152142,0.133363,-0.067486,0.180959,0.055712,-0.077321,1.120646,0.273770,1.295390,-0.497908,-0.291604,0.598593,0.077104,-0.941546,-0.253398,0.832076,0.253854,-0.217805,-0.293408
0.051283,0.058527,0.808802,-0.161085,-0.023187,0.027500,0.986285,-0.129539,0.367283,-0.118834,0.505349,-0.253186,0.009386,-1.044284,-0.536097,0.219249,0.339324,0.099489,0.126821,-0.069901,0.177845,0.072555,-0.135221,1.184474,0.260509,1.263696,-0.495661,-0.268408,0.605205,0.057783,-0.940719,-0.317129,0.899387,0.295882,-0.184339,-0.309258
0.055609,0.052162,0.801038,-0.161930,-0.013681,0.036163,0.986045,-0.166214,0.373547,-0.130446,0.535925,-0.317728,0.026545,-1.078772,-0.535502,0.233221,0.473113,0.067863,0.118966,-0.096057,0.170292,0.063298,-0.173317,1.230707,0.247501,1.217927,-0.509652,-0.253987,0.573829,0.039976,-0.940412,-0.344237,0.920142,0.331052,-0.166601,-0.316216
0.058243,0.045138,0.793372,-0.161911,-0.000451,0.046095,0.985728,-0.210206,0.375036,-0.142679,0.555931,-0.376818,0.053008,-1.118751,-0.496713,0.209865,0.706714,0.061250,0.123471,-0.128064,0.160558,0.050259,-0.226774,1.257910,0.207211,1.177315,-0.514248,-0.267182,0.548927,0.011644,-0.948479,-0.319698,0.935501,0.350784,-0.164407,-0.329617
0.061778,0.035425,0.789957,-0.152838,0.006962,0.049308,0.986996,-0.227700,0.337249,-0.199920,0.573119,-0.409235,0.058683,-1.155437,-0.401530,0.155465,0.991628,0.062856,0.146379,-0.147391,0.126900,0.039226,-0.304837,1.267631,0.115094,1.149676,-0.468084,-0.288132,0.544872,-0.023199,-0.951540,-0.239041,0.938944,0.316603,-0.167303,-0.348121
0.067058,0.024815,0.791443,-0.143909,0.011838,0.047730,0.988368,-0.235080,0.322753,-0.218017,0.575690,-0.355156,0.039633,-1.146920,-0.268317,0.058923,1.214460,0.072045,0.185413,-0.154494,0.099526,0.024156,-0.381443,1.246242,-0.006345,1.125708,-0.368137,-0.283639,0.528220,-0.052007,-0.955758,-0.101972,0.902300,0.208498,-0.167319,-0.348171
0.072721,0.014933,0.797195,-0.132221,0.014362,0.049686,0.989870,-0.238194,0.308576,-0.215423,0.574560,-0.284834,0.043251,-1.084688,-0.146543,-0.045974,1.325332,0.084280,0.227251,-0.159102,0.075073,0.015597,-0.457457,1.184482,-0.146189,1.108976,-0.233325,-0.262630,0.494772,-0.079834,-0.950038,0.073864,0.838251,0.059664,-0.169455,-0.319990
0.079458,0.005275,0.805835,-0.120764,0.019173,0.059810,0.990692,-0.252689,0.293530,-0.212160,0.571015,-0.190709,0.044894,-1.000958,-0.060011,-0.120141,1.328228,0.094558,0.255696,-0.166199,0.054982,0.001136,-0.529783,1.073960,-0.292542,1.094969,-0.094273,-0.239110,0.454444,-0.105774,-0.919918,0.259273,0.769418,-0.084477,-0.177569,-0.272914
0.088315,-0.006577,0.815071,-0.110635,0.027779,0.077529,0.990443,-0.298017,0.283823,-0.199334,0.594018,-0.074333,0.067966,-0.930563,-0.028102,-0.126680,1.250650,0.098044,0.266491,-0.175231,0.020844,-0.033396,-0.599770,0.917705,-0.426585,1.082536,0.020867,-0.219823,0.414606,-0.116355,-0.837403,0.438461,0.715720,-0.196457,-0.185416,-0.221884
0.095422,-0.014839,0.819770,-0.097944,0.033217,0.090042,0.990553,-0.353481,0.199569,-0.164420,0.645415,-0.127509,0.047411,-0.844552,0.033891,-0.085555,1.115666,0.087349,0.261222,-0.168203,-0.005526,-0.043897,-0.659764,0.716364,-0.527216,1.085735,0.095476,-0.200838,0.379748,-0.128803,-0.705401,0.589861,0.693111,-0.269250,-0.185387,-0.181149
0.100356,-0.017288,0.813462,-0.086943,0.041321,0.101571,0.990160,-0.424945,0.053281,-0.123072,0.680366,-0.165181,0.030918,-0.757074,0.107006,-0.035626,0.960234,0.057530,0.237901,-0.162391,0.003156,-0.035067,-0.701252,0.488279,-0.597855,1.109761,0.137748,-0.178383,0.349455,-0.160697,-0.547623,0.712965,0.708973,-0.310337,-0.168061,-0.150228
0.104981,-0.019105,0.794536,-0.077081,0.049129,0.107705,0.989972,-0.493457,-0.074785,-0.084926,0.714427,-0.246152,0.030573,-0.695192,0.151333,0.028559,0.838373,0.010434,0.190758,-0.153646,0.016697,-0.017695,-0.727667,0.258584,-0.666466,1.160391,0.172167,-0.144389,0.316977,-0.219653,-0.377007,0.817055,0.762713,-0.326547,-0.134893,-0.129137
0.109546,-0.022103,0.768051,-0.074683,0.045446,0.110016,0.990078,-0.522346,-0.113898,-0.062380,0.773836,0.107959,-0.002701,-0.652244,0.178317,0.071138,0.791127,-0.056792,0.127704,-0.152146,0.044711,0.029001,-0.748709,0.053459,-0.756320,1.230509,0.218806,-0.100453,0.271606,-0.310801,-0.220771,0.913939,0.836036,-0.320543,-0.093129,-0.115720
0.111826,-0.028702,0.745421,-0.057064,0.036629,0.120399,0.990407,-0.583117,-0.149997,-0.015338,0.969333,-0.056726,0.007582,-0.611204,0.163218,0.099382,0.826047,-0.082825,0.069598,-0.160195,0.040154,0.097863,-0.786040,-0.087124,-0.863356,1.279590,0.282644,-0.070314,0.198627,-0.413882,-0.080594,0.997263,0.910916,-0.289369,-0.056004,-0.110740
0.112928,-0.037117,0.733858,-0.035853,0.027168,0.134639,0.989873,-0.666861,-0.158001,0.066601,1.144254,-0.040150,-0.023448,-0.597500,0.131098,0.109382,0.895553,-0.188221,0.000638,-0.164524,0.033399,0.158290,-0.834397,-0.164875,-0.958745,1.275864,0.358971,-0.070456,0.094847,-0.496738,0.021309,1.077569,0.934582,-0.236795,-0.046540,-0.098262
0.113021,-0.047205,0.730246,-0.020383,0.022982,0.157359,0.987064,-0.803876,-0.119848,0.132114,1.371808,-0.021898,-0.078591,-0.586951,0.089417,0.097809,0.924411,-0.260092,-0.039239,-0.183111,0.039935,0.200573,-0.864745,-0.166573,-1.040659,1.186650,0.433922,-0.121618,-0.033717,-0.570067,0.093089,1.159087,0.896445,-0.183000,-0.063996,-0.059722
0.115032,-0.057771,0.731755,0.001947,0.023945,0.177296,0.983864,-0.950150,-0.049117,0.162050,1.613148,-0.000147,-0.136721,-0.531269,0.021894,0.078671,0.859134,-0.359328,-0.087162,-0.169979,0.031365,0.217611,-0.868602,-0.160864,-1.110798,1.091690,0.474408,-0.179870,-0.150890,-0.621747,0.107631,1.243926,0.796743,-0.153018,-0.078562,0.002897
0.119051,-0.065679,0.746346,0.028451,0.030357,0.185548,0.981754,-1.081330,0.054101,0.144818,1.816370,0.019677,-0.171961,-0.488705,-0.038816,0.090755,0.778054,-0.359998,-0.087532,-0.117801,0.017862,0.213405,-0.876410,-0.145781,-1.178204,1.025681,0.499005,-0.238582,-0.224866,-0.625957,0.099780,1.261836,0.722193,-0.149609,-0.069462,0.055678
0.125683,-0.069559,0.770261,0.062424,0.044741,0.195502,0.977691,-1.192851,0.157427,0.114355,1.918858,0.029235,-0.177684,-0.437075,-0.125554,0.110718,0.651665,-0.299588,-0.083602,-0.057945,-0.008138,0.187130,-0.893442,-0.143152,-1.244485,0.997294,0.503947,-0.266953,-0.240119,-0.619107,0.087281,1.279459,0.662318,-0.180877,-0.046988,0.082973
0.132233,-0.070917,0.795471,0.109366,0.055568,0.218756,0.968038,-1.252186,0.216431,0.122366,1.852650,0.040694,-0.172970,-0.351248,-0.251860,0.129896,0.494257,-0.238517,-0.058197,-0.021479,-0.056643,0.182981,-0.911380,-0.143024,-1.229288,0.978732,0.474013,-0.291045,-0.217421,-0.622578,0.061837,1.271335,0.596081,-0.189556,-0.092852,0.032351
0.138174,-0.074171,0.817642,0.155318,0.057721,0.248146,0.954447,-1.229573,0.220574,0.174104,1.609460,0.062147,-0.169259,-0.288067,-0.362296,0.126215,0.430777,-0.090193,0.034719,0.001156,-0.117629,0.210421,-0.922062,-0.142594,-1.184381,0.973146,0.475755,-0.310376,-0.176707,-0.633729,0.050794,1.260840,0.582366,-0.186053,-0.123170,-0.020564
0.142176,-0.076684,0.834491,0.172569,0.053673,0.274234,0.944529,-1.159614,0.203749,0.197015,1.257374,0.095773,-0.170777,-0.259621,-0.401038,0.093746,0.433906,-0.038677,0.061315,-0.000702,-0.120940,0.242738,-0.912396,-0.138461,-1.148778,0.975970,0.467143,-0.319979,-0.133858,-0.650279,0.052639,1.278312,0.605577,-0.195083,-0.131335,-0.062625
0.145450,-0.078839,0.842122,0.173180,0.048782,0.297123,0.937735,-1.074379,0.173858,0.174514,0.870552,0.131069,-0.168933,-0.247068,-0.372525,0.079681,0.451087,-0.010364,0.067478,-0.013854,-0.093839,0.269260,-0.901672,-0.138122,-1.132060,0.991109,0.455851,-0.312073,-0.090426,-0.659172,0.066032,1.288085,0.648311,-0.182990,-0.130933,-0.078227
0.150546,-0.082298,0.838848,0.170003,0.043437,0.314659,0.932846,-0.983407,0.153421,0.131773,0.509545,0.151742,-0.158993,-0.231790,-0.309596,0.098443,0.458051,0.041965,0.084147,-0.024249,-0.082009,0.293753,-0.880721,-0.131657,-1.098515,1.007587,0.447076,-0.302061,-0.058802,-0.653184,0.090970,1.287666,0.692089,-0.156597,-0.121172,-0.103265
0.155630,-0.083578,0.831898,0.166120,0.039918,0.328648,0.928871,-0.919749,0.152846,0.098395,0.242067,0.154518,-0.146291,-0.226377,-0.291396,0.097319,0.492972,0.004324,0.059996,-0.034685,-0.078864,0.306411,-0.840476,-0.125203,-1.072692,1.016603,0.439755,-0.285982,-0.033584,-0.633695,0.122940,1.267498,0.757931,-0.130254,-0.113137,-0.136419
0.158697,-0.083684,0.825438,0.165836,0.031087,0.348342,0.922057,-0.893568,0.147360,0.089174,0.123978,0.155488,-0.144062,-0.212013,-0.287148,0.097069,0.542472,-0.039099,0.036664,-0.045039,-0.079922,0.328504,-0.841021,-0.122713,-1.059622,1.019648,0.435990,-0.269249,-0.017495,-0.636405,0.121601,1.279760,0.768104,-0.106763,-0.109912,-0.164622
0.161450,-0.082412,0.821103,0.172248,0.023813,0.372912,0.911427,-0.899215,0.120938,0.104805,0.146781,0.167582,-0.155003,-0.194091,-0.309687,0.073746,0.590464,-0.079753,0.005542,-0.059544,-0.093988,0.340817,-0.820971,-0.105526,-1.035933,1.011070,0.426917,-0.255140,-0.019096,-0.640975,0.116802,1.283123,0.783584,-0.115825,-0.097245,-0.188341
0.162916,-0.079481,0.819547,0.182712,0.017915,0.394261,0.900474,-0.914933,0.092153,0.128312,0.260672,0.184148,-0.175921,-0.171753,-0.351027,0.036612,0.623790,-0.103293,-0.012002,-0.058179,-0.107057,0.351055,-0.813798,-0.086750,-1.022297,0.973406,0.412250,-0.237204,-0.042917,-0.645039,0.115855,1.294421,0.781065,-0.140873,-0.081579,-0.157998
0.163520,-0.075198,0.821224,0.187772,0.013917,0.408268,0.893233,-0.927986,0.080364,0.153409,0.425183,0.189777,-0.203081,-0.144501,-0.372420,0.017681,0.622211,-0.100794,-0.044752,-0.043912,-0.109982,0.350181,-0.807094,-0.040993,-1.028607,0.897382,0.419129,-0.227497,-0.095200,-0.646557,0.097235,1.280487,0.719895,-0.175401,-0.067099,-0.083465
0.163216,-0.070365,0.825869,0.179932,0.012781,0.415316,0.891613,-0.927439,0.082068,0.183203,0.616730,0.181196,-0.230249,-0.113238,-0.361340,0.006264,0.567400,-0.069411,-0.037494,-0.011396,-0.096007,0.339612,-0.800452,0.016359,-1.021409,0.752365,0.407306,-0.198569,-0.193125,-0.664861,0.074598,1.292340,0.662244,-0.203356,-0.042278,-0.007041
0.163272,-0.064460,0.831337,0.161301,0.016602,0.420925,0.892484,-0.909409,0.076566,0.215977,0.800232,0.171116,-0.250569,-0.090842,-0.335114,-0.020539,0.488856,-0.020530,0.007148,0.030301,-0.074480,0.310539,-0.779215,0.097498,-1.002077,0.534208,0.329583,-0.173828,-0.304585,-0.680968,0.062201,1.298595,0.588405,-0.219802,-0.035275,0.057434
0.163970,-0.057078,0.835820,0.142731,0.016718,0.427910,0.892323,-0.852750,0.046612,0.235345,0.920288,0.166515,-0.255357,-0.070347,-0.305701,-0.041498,0.434149,0.030227,0.048864,0.076781,-0.052567,0.281907,-0.741916,0.218730,-0.973273,0.281110,0.245453,-0.157158,-0.393759,-0.714932,0.050203,1.320772,0.507406,-0.223795,-0.045961,0.107823
0.165484,-0.048577,0.839178,0.128380,0.014949,0.436440,0.890402,-0.757083,-0.013141,0.231456,0.944447,0.162837,-0.236649,-0.061249,-0.282447,-0.047708,0.419497,0.074030,0.087637,0.115818,-0.046139,0.258606,-0.695235,0.388731,-0.951322,0.041841,0.192517,-0.137557,-0.454061,-0.744470,0.031855,1.311162,0.412266,-0.208581,-0.077597,0.146742
0.168076,-0.036902,0.838095,0.107458,0.018899,0.450035,0.886321,-0.655636,-0.079331,0.202054,0.872195,0.151425,-0.192720,-0.073222,-0.250456,-0.040901,0.436676,0.070528,0.101805,0.143583,-0.040256,0.207277,-0.609374,0.559182,-0.898998,-0.152482,0.175443,-0.144552,-0.553418,-0.739554,0.000426,1.303860,0.355912,-0.207915,-0.126409,0.174798
0.170985,-0.021662,0.832445,0.077958,0.025592,0.470678,0.878482,-0.559402,-0.131945,0.157229,0.740626,0.108080,-0.130430,-0.100984,-0.207169,-0.036691,0.475443,0.049585,0.105006,0.183300,-0.025934,0.130726,-0.479331,0.668264,-0.808661,-0.280895,0.124528,-0.126616,-0.513319,-0.667339,-0.048437,1.255766,0.375430,-0.248429,-0.156972,0.166861
0.171965,-0.004690,0.826047,0.047789,0.034580,0.493431,0.867782,-0.485198,-0.165230,0.113842,0.610359,0.028668,-0.062972,-0.149399,-0.172929,-0.036253,0.535524,0.052180,0.116234,0.250841,-0.021174,0.050111,-0.348242,0.746641,-0.708923,-0.372157,0.068113,-0.151812,-0.459760,-0.571495,-0.129973,1.187659,0.465618,-0.326415,-0.150772,0.141844
0.167348,0.010353,0.822696,0.025488,0.045604,0.519893,0.852632,-0.447756,-0.200960,0.074272,0.535188,-0.065823,-0.001399,-0.198767,-0.165139,-0.036194,0.587288,0.079545,0.127252,0.306573,-0.033067,0.005028,-0.243233,0.762179,-0.578799,-0.419724,-0.007088,-0.167365,-0.378926,-0.467942,-0.210981,1.083577,0.589196,-0.400300,-0.106935,0.120029
0.159101,0.022691,0.813820,0.012099,0.057861,0.547363,0.834805,-0.461565,-0.226713,0.041612,0.509036,-0.138011,0.046470,-0.283795,-0.187148,-0.012185,0.826273,0.007999,0.135088,0.365264,-0.058223,-0.010796,-0.177834,0.726244,-0.475043,-0.438685,-0.092773,-0.177101,-0.297433,-0.362063,-0.295126,0.948167,0.698138,-0.433299,-0.049749,0.119596
0.149394,0.031217,0.793574,0.007105,0.054839,0.582453,0.810981,-0.466295,-0.250638,-0.004888,0.513560,-0.178045,0.078622,-0.349560,-0.197015,0.017417,1.142782,0.025707,0.138571,0.393011,-0.067802,0.019916,-0.167974,0.680500,-0.420392,-0.450762,-0.169920,-0.189758,-0.237003,-0.257718,-0.390087,0.814041,0.774804,-0.425539,-0.005171,0.142932
0.138602,0.037926,0.763090,0.001210,0.031140,0.611814,0.790388,-0.385586,-0.246359,-0.092900,0.500752,-0.342798,-0.031528,-0.426811,-0.145289,0.049427,1.453803,0.069036,0.137527,0.376332,-0.040396,0.061193,-0.216294,0.648212,-0.395065,-0.478549,-0.220966,-0.207757,-0.196095,-0.149512,-0.494809,0.711181,0.816296,-0.396857,0.017664,0.178592
0.129277,0.043236,0.749199,0.003904,0.010447,0.644905,0.764182,-0.365871,-0.277287,-0.141878,0.544370,-0.282721,-0.012813,-0.557350,-0.088549,0.057530,1.722869,0.123633,0.131740,0.294432,-0.028581,0.095085,-0.324131,0.630944,-0.398973,-0.497015,-0.238490,-0.232255,-0.163202,-0.026320,-0.577648,0.623727,0.824496,-0.360764,0.011964,0.216975
0.121241,0.049672,0.755205,-0.002679,-0.020535,0.667949,0.743919,-0.316167,-0.240508,-0.164472,0.538208,-0.163495,-0.009789,-0.724086,-0.005820,0.014600,1.913370,0.176598,0.130605,0.190201,0.017334,0.108430,-0.467466,0.628669,-0.431894,-0.494539,-0.230048,-0.265540,-0.131054,0.109461,-0.651833,0.551039,0.778020,-0.307530,-0.026020,0.274663
0.113202,0.054453,0.770594,-0.012368,-0.053408,0.681747,0.729531,-0.243145,-0.189699,-0.194806,0.488135,-0.112355,-0.000144,-0.905129,0.032900,-0.026437,2.002340,0.243391,0.143881,0.080403,0.069398,0.130209,-0.625137,0.634820,-0.488601,-0.450250,-0.183543,-0.291557,-0.114063,0.237604,-0.717440,0.480657,0.719676,-0.242482,-0.063769,0.343586
0.105750,0.056962,0.789552,-0.029906,-0.092546,0.688364,0.718816,-0.169581,-0.101848,-0.211550,0.416873,-0.044878,-0.005901,-1.075571,0.027424,-0.051634,1.958399,0.330859,0.178313,-0.024304,0.131236,0.160344,-0.757979,0.645784,-0.556462,-0.362706,-0.105289,-0.301213,-0.122783,0.337038,-0.766582,0.419005,0.677325,-0.184335,-0.078799,0.401517
0.099678,0.057839,0.807405,-0.046443,-0.130337,0.688127,0.712276,-0.109863,-0.007776,-0.204066,0.357928,0.026736,-0.023976,-1.216573,-0.005742,-0.064190,1.764689,0.404737,0.221473,-0.120911,0.180165,0.197070,-0.845086,0.662373,-0.623152,-0.252618,-0.021612,-0.302017,-0.145671,0.394374,-0.796404,0.375566,0.647840,-0.151208,-0.087449,0.434940
0.095185,0.058108,0.819195,-0.049783,-0.157179,0.686578,0.708115,-0.062791,0.049863,-0.171498,0.324619,0.088017,-0.044592,-1.307895,-0.050604,-0.055574,1.454390,0.428068,0.252208,-0.212741,0.188383,0.236895,-0.891986,0.677397,-0.680510,-0.147282,0.047188,-0.300288,-0.165872,0.423802,-0.810452,0.354626,0.625982,-0.143065,-0.099054,0.449158
0.092369,0.059310,0.824146,-0.045819,-0.172312,0.687010,0.704434,-0.027070,0.076541,-0.127268,0.304270,0.123986,-0.060941,-1.348314,-0.086549,-0.025808,1.078968,0.405580,0.263800,-0.293364,0.168153,0.260739,-0.908888,0.676070,-0.724957,-0.065373,0.098353,-0.298331,-0.177846,0.447455,-0.811142,0.347824,0.613636,-0.145343,-0.108418,0.457062
0.090940,0.061868,0.824315,-0.041987,-0.178200,0.689873,0.700398,-0.000208,0.086365,-0.086824,0.280665,0.130484,-0.072311,-1.354800,-0.108080,0.020988,0.691734,0.364757,0.261973,-0.360904,0.141224,0.263035,-0.906375,0.654850,-0.757697,-0.008226,0.133183,-0.298488,-0.190913,0.474530,-0.800569,0.340385,0.608369,-0.141780,-0.112268,0.460416
0.090763,0.065301,0.820896,-0.034509,-0.180387,0.692756,0.697395,0.030758,0.082103,-0.053268,0.259458,0.107490,-0.081026,-1.356367,-0.118063,0.076598,0.388521,0.318301,0.253295,-0.411736,0.109854,0.260285,-0.889359,0.620793,-0.772063,0.024946,0.146673,-0.296548,-0.215910,0.504320,-0.775750,0.324371,0.602073,-0.128465,-0.111827,0.446680
0.091890,0.068888,0.815187,-0.021265,-0.185883,0.690219,0.698995,0.068009,0.073751,-0.027825,0.262553,0.062461,-0.083432,-1.384629,-0.102417,0.118854,0.287953,0.268890,0.245977,-0.434979,0.077897,0.264159,-0.848483,0.574766,-0.747777,0.022824,0.111496,-0.282245,-0.245802,0.530076,-0.731845,0.305516,0.593034,-0.102875,-0.109887,0.403883
0.093247,0.070203,0.811465,-0.006542,-0.199289,0.687451,0.698321,0.095614,0.073409,-0.019993,0.302495,0.029994,-0.079169,-1.429119,-0.073821,0.143539,0.420657,0.228956,0.246311,-0.441738,0.056197,0.287489,-0.782151,0.504539,-0.679259,-0.015998,0.016404,-0.258855,-0.258603,0.542963,-0.664370,0.292361,0.585689,-0.063008,-0.106469,0.343168
0.094377,0.070322,0.808277,0.007645,-0.217617,0.689524,0.690754,0.122026,0.077471,-0.032944,0.357751,-0.004480,-0.079409,-1.474063,-0.060014,0.152634,0.707133,0.216186,0.253480,-0.443325,0.042765,0.320787,-0.716145,0.414763,-0.598855,-0.076999,-0.104253,-0.241841,-0.251321,0.538699,-0.590499,0.283030,0.573168,-0.010808,-0.102012,0.294103
0.095457,0.071597,0.798633,0.019301,-0.237507,0.696255,0.677087,0.166166,0.081907,-0.082620,0.386613,-0.156037,-0.051528,-1.510895,-0.079013,0.138964,1.037061,0.225140,0.259987,-0.451125,0.031464,0.349551,-0.693494,0.337369,-0.543384,-0.139770,-0.196716,-0.242643,-0.242956,0.514727,-0.542986,0.274429,0.537488,0.046543,-0.094266,0.275925
0.094637,0.075208,0.789460,0.015718,-0.251238,0.707485,0.660376,0.186791,0.113148,-0.099531,0.378338,-0.238371,-0.060024,-1.554150,-0.131572,0.119135,1.341379,0.233412,0.262920,-0.486275,0.045871,0.355023,-0.741343,0.292628,-0.527833,-0.181662,-0.233063,-0.255172,-0.234915,0.484980,-0.544093,0.276312,0.465274,0.086674,-0.075769,0.283558
0.090227,0.080472,0.792446,0.008011,-0.251601,0.708580,0.659202,0.182408,0.121862,-0.095902,0.376099,-0.231652,-0.039760,-1.591817,-0.156932,0.084189,1.572798,0.229891,0.262829,-0.515183,0.075444,0.340470,-0.834751,0.284256,-0.549912,-0.187186,-0.214118,-0.277873,-0.211782,0.455122,-0.582674,0.285129,0.371333,0.115312,-0.047250,0.307718
0.084951,0.086583,0.800703,-0.015652,-0.240922,0.703265,0.668678,0.159017,0.142088,-0.088871,0.324911,-0.184317,-0.066183,-1.644459,-0.149894,0.026979,1.700918,0.218026,0.262614,-0.539402,0.135589,0.304250,-0.964672,0.308025,-0.608230,-0.156462,-0.144367,-0.294545,-0.166895,0.445687,-0.655080,0.290912,0.259187,0.149197,-0.029612,0.340933
0.081189,0.091410,0.810957,-0.042180,-0.227686,0.693969,0.681753,0.112198,0.165025,-0.092124,0.289480,-0.082633,-0.076427,-1.692750,-0.118771,-0.032484,1.689472,0.215767,0.262325,-0.558787,0.194789,0.266357,-1.093657,0.358288,-0.693999,-0.105652,-0.037768,-0.300910,-0.112200,0.453382,-0.740597,0.289537,0.161876,0.180763,-0.033106,0.379767
0.079224,0.094387,0.820445,-0.055768,-0.216540,0.680469,0.697827,0.083974,0.173598,-0.088082,0.266377,0.016959,-0.070728,-1.714966,-0.071115,-0.076832,1.518544,0.229179,0.262057,-0.572998,0.221987,0.242848,-1.193715,0.425630,-0.789570,-0.054409,0.083027,-0.300917,-0.070182,0.479110,-0.824044,0.278598,0.092161,0.189296,-0.052762,0.414887
0.078958,0.095689,0.825550,-0.053139,-0.206280,0.669785,0.711345,0.083929,0.158753,-0.071769,0.245174,0.071907,-0.077620,-1.701369,-0.025358,-0.086484,1.216385,0.240612,0.262149,-0.594437,0.208427,0.232877,-1.252939,0.501771,-0.878855,-0.011034,0.188858,-0.300434,-0.058300,0.520583,-0.887892,0.254942,0.047260,0.177265,-0.078233,0.431900
0.079147,0.096612,0.824986,-0.038284,-0.195681,0.664675,0.720035,0.102026,0.118760,-0.056484,0.225566,0.091208,-0.085965,-1.655298,0.005333,-0.066540,0.860314,0.234921,0.263087,-0.621396,0.171095,0.228275,-1.271289,0.578269,-0.950451,0.030572,0.263950,-0.300535,-0.068487,0.569811,-0.931874,0.226143,0.024416,0.157405,-0.103336,0.424852
0.078679,0.098511,0.819571,-0.019488,-0.185689,0.656245,0.731083,0.127816,0.070943,-0.038016,0.211060,0.078267,-0.095689,-1.606588,0.040745,-0.049706,0.550036,0.214533,0.263838,-0.629868,0.138099,0.228475,-1.264042,0.639399,-0.985262,0.075708,0.297220,-0.300285,-0.075203,0.614027,-0.963229,0.194550,0.022660,0.144525,-0.119126,0.398929
0.078111,0.100163,0.811299,0.000484,-0.182432,0.650078,0.737643,0.162132,0.028426,-0.034660,0.206241,0.038961,-0.099618,-1.564905,0.062734,-0.045777,0.363452,0.198550,0.264135,-0.636799,0.106377,0.244737,-1.227925,0.669065,-0.981805,0.130701,0.300458,-0.301344,-0.066920,0.635690,-0.968156,0.158544,0.043889,0.142875,-0.128470,0.350263
0.078579,0.100165,0.802551,0.020770,-0.185980,0.652404,0.734404,0.196759,-0.006977,-0.053902,0.216010,-0.010640,-0.100026,-1.530788,0.058894,-0.032234,0.324638,0.196732,0.264376,-0.654690,0.068774,0.268010,-1.135761,0.654727,-0.951936,0.207687,0.289287,-0.300306,-0.058001,0.630636,-0.931588,0.120696,0.084243,0.140922,-0.142500,0.272764
0.079962,0.098633,0.794179,0.033336,-0.188921,0.648882,0.736308,0.212484,-0.029381,-0.077883,0.234143,-0.065938,-0.089263,-1.521431,0.077159,-0.024421,0.433203,0.217734,0.264211,-0.651529,0.044728,0.285086,-1.000305,0.595291,-0.899617,0.305168,0.271499,-0.296502,-0.056176,0.594021,-0.856078,0.081860,0.131768,0.158571,-0.160049,0.182014
0.081029,0.096895,0.790146,0.033781,-0.183305,0.638833,0.746425,0.196549,-0.039976,-0.072109,0.253702,-0.126963,-0.069193,-1.539058,0.111036,-0.046605,0.675570,0.259935,0.263641,-0.626004,0.044327,0.290111,-0.863296,0.509343,-0.839380,0.400682,0.249773,-0.289749,-0.057427,0.528794,-0.761722,0.050058,0.169241,0.206237,-0.171231,0.104614
0.081753,0.096101,0.790089,0.026461,-0.171885,0.630176,0.756725,0.161450,-0.042521,-0.058250,0.264463,-0.150152,-0.054223,-1.547121,0.131095,-0.086465,0.999773,0.314684,0.263443,-0.583229,0.061133,0.287259,-0.747478,0.421167,-0.790141,0.476157,0.230190,-0.281025,-0.060160,0.449820,-0.684448,0.035647,0.184232,0.260087,-0.178314,0.050982
0.082921,0.097419,0.791212,0.014371,-0.156680,0.626080,0.763720,0.119473,-0.039569,-0.047287,0.265630,-0.155981,-0.040430,-1.519739,0.133695,-0.118697,1.352465,0.369523,0.263910,-0.524593,0.090046,0.271248,-0.645825,0.342113,-0.761798,0.526412,0.213476,-0.275763,-0.067717,0.360736,-0.646424,0.046446,0.168466,0.300089,-0.187005,0.012601
0.086536,0.100819,0.792576,-0.003649,-0.134332,0.631938,0.763280,0.060748,-0.023780,-0.025614,0.255545,-0.138119,-0.018945,-1.453672,0.124580,-0.112890,1.690167,0.423521,0.264238,-0.467786,0.117570,0.228932,-0.549657,0.276974,-0.752788,0.556927,0.197155,-0.279744,-0.078433,0.260905,-0.645157,0.090497,0.108490,0.319986,-0.199221,-0.014705
0.093275,0.104389,0.793907,-0.019019,-0.104281,0.645640,0.756249,-0.005108,-0.044687,-0.063947,0.242546,-0.102443,0.001143,-1.341136,0.124392,-0.070119,1.933479,0.477198,0.262851,-0.407801,0.121800,0.170093,-0.450176,0.241640,-0.757722,0.552896,0.182011,-0.288816,-0.081513,0.149458,-0.673284,0.162762,0.004551,0.299791,-0.210317,-0.023254
0.102938,0.107271,0.795178,-0.024572,-0.080877,0.664315,0.742658,-0.044469,-0.074253,-0.122921,0.227368,-0.054455,-0.008050,-1.171720,0.122797,-0.026147,2.021658,0.513044,0.254204,-0.343293,0.105760,0.130368,-0.343337,0.258992,-0.782145,0.509569,0.180946,-0.295462,-0.078104,0.028049,-0.722688,0.250054,-0.114523,0.235091,-0.208997,0.001005
0.112978,0.110715,0.798019,-0.026716,-0.066139,0.685559,0.724514,-0.075811,-0.092062,-0.125191,0.226345,0.004885,-0.004118,-0.965120,0.110090,-0.000654,1.958611,0.509662,0.240146,-0.269330,0.101622,0.104914,-0.235308,0.327746,-0.803313,0.442316,0.191168,-0.294550,-0.081597,-0.097242,-0.786226,0.343332,-0.214131,0.141771,-0.199729,0.057561
0.122790,0.114767,0.801788,-0.031440,-0.050787,0.709131,0.702542,-0.113342,-0.105795,-0.120098,0.230212,0.050249,-0.019965,-0.758666,0.093971,0.011231,1.784780,0.460382,0.226201,-0.194359,0.106332,0.070851,-0.148392,0.428872,-0.793243,0.365636,0.198642,-0.291413,-0.094341,-0.215137,-0.844610,0.432192,-0.282376,0.056376,-0.195027,0.118065
0.133049,0.118301,0.804522,-0.036070,-0.035940,0.727326,0.684400,-0.144954,-0.116929,-0.122004,0.227754,0.083903,-0.037467,-0.578202,0.088791,0.021421,1.529405,0.377322,0.217498,-0.115595,0.099667,0.035962,-0.090202,0.526156,-0.754927,0.295200,0.201141,-0.290318,-0.105043,-0.319401,-0.866975,0.508369,-0.310728,-0.008752,-0.191567,0.154741
0.144034,0.120380,0.806199,-0.038375,-0.024722,0.736174,0.675251,-0.167233,-0.118938,-0.113288,0.225493,0.103609,-0.049943,-0.429500,0.085293,0.032564,1.231761,0.276824,0.209233,-0.033841,0.075950,0.009642,-0.053880,0.589406,-0.706388,0.247959,0.203580,-0.291238,-0.110097,-0.406860,-0.836369,0.578443,-0.283658,-0.062662,-0.172435,0.164022
0.154688,0.119877,0.806733,-0.040609,-0.015788,0.737287,0.674173,-0.183085,-0.111359,-0.089930,0.215394,0.110282,-0.056901,-0.322439,0.075866,0.047261,0.922269,0.163159,0.189473,0.035089,0.043636,-0.007924,-0.039885,0.611791,-0.661737,0.226851,0.213352,-0.292961,-0.111239,-0.477846,-0.763799,0.649009,-0.192424,-0.121636,-0.133077,0.156217
0.163655,0.116483,0.805453,-0.041455,-0.002559,0.729166,0.683075,-0.198616,-0.107995,-0.056586,0.270980,-0.003414,-0.035219,-0.239768,0.050867,0.076232,0.615815,0.108969,0.156375,0.090084,-0.000187,-0.014538,-0.053417,0.611687,-0.632267,0.219684,0.230078,-0.294338,-0.109950,-0.547681,-0.663686,0.721417,-0.038648,-0.191264,-0.076172,0.144770
0.171136,0.113128,0.804949,-0.043216,0.006039,0.719425,0.693198,-0.243945,-0.093523,-0.013418,0.385312,0.080888,-0.044848,-0.167868,0.043162,0.082461,0.451796,0.001182,0.123489,0.138531,-0.034582,-0.023989,-0.085912,0.597547,-0.626711,0.227948,0.258411,-0.293400,-0.104174,-0.599186,-0.543563,0.795398,0.162334,-0.261095,-0.008316,0.136294
0.178993,0.106819,0.805426,-0.029726,0.006684,0.716877,0.696534,-0.330371,-0.097743,0.018428,0.563735,0.093603,-0.054125,-0.099039,0.024369,0.092290,0.355594,-0.078882,0.093898,0.173166,-0.067472,0.003386,-0.136170,0.585460,-0.640046,0.232959,0.296822,-0.289759,-0.093231,-0.641457,-0.408998,0.862625,0.363171,-0.313866,0.048742,0.128797
0.186179,0.096585,0.802303,-0.009812,-0.000454,0.712809,0.701289,-0.426162,-0.097808,0.043025,0.767423,0.173318,-0.082000,-0.037574,0.006937,0.104037,0.269137,-0.078698,0.062531,0.216826,-0.072602,0.067204,-0.193891,0.584195,-0.665487,0.185805,0.337508,-0.290522,-0.080629,-0.700565,-0.278344,0.929398,0.493138,-0.337472,0.075362,0.127788
0.193095,0.086169,0.795384,0.006309,-0.015673,0.709159,0.704846,-0.534093,-0.079937,0.041500,1.091879,0.193531,-0.105298,0.012543,0.010153,0.100197,0.233781,-0.087763,0.069257,0.254758,-0.057131,0.136827,-0.239845,0.625703,-0.697917,0.055316,0.348406,-0.316332,-0.064152,-0.791557,-0.191255,1.009769,0.519256,-0.318851,0.067617,0.134358
0.200228,0.079956,0.789789,0.020685,-0.026130,0.708401,0.705023,-0.617540,-0.060136,0.031088,1.379936,0.191229,-0.127479,0.059990,0.009969,0.089656,0.210367,-0.131072,0.065813,0.281607,-0.060255,0.186535,-0.241955,0.739733,-0.703530,-0.118189,0.348898,-0.306185,-0.074325,-0.890786,-0.150790,1.039676,0.441346,-0.276747,0.045789,0.164165
0.206186,0.078833,0.786676,0.035550,-0.015382,0.714209,0.698860,-0.701947,-0.065696,0.028917,1.550956,0.162883,-0.147697,0.089371,-0.032603,0.048172,0.179060,-0.186991,0.056597,0.299676,-0.098840,0.206747,-0.214780,0.895521,-0.686509,-0.300178,0.314435,-0.301068,-0.093790,-0.996663,-0.089677,1.046268,0.268448,-0.193189,-0.008254,0.197982
0.208638,0.082853,0.789900,0.043477,-0.002395,0.726650,0.685626,-0.742863,-0.072408,0.028403,1.602381,0.108543,-0.162209,0.105154,-0.075567,-0.007911,0.159132,-0.203006,0.032348,0.341586,-0.117377,0.218403,-0.131298,1.051786,-0.650566,-0.421033,0.240401,-0.302444,-0.129822,-1.112576,-0.007507,1.015488,0.068503,-0.099648,-0.084917,0.198731
0.208202,0.090530,0.792659,0.042315,0.012545,0.741380,0.669632,-0.734476,-0.095697,0.041856,1.543719,0.041593,-0.171523,0.105388,-0.094295,-0.011788,0.149225,-0.202683,0.041353,0.402454,-0.129565,0.213719,0.016875,1.210232,-0.579427,-0.487685,0.138687,-0.302056,-0.191168,-1.236298,0.048011,0.954982,-0.078608,-0.061955,-0.164693,0.160760
0.204606,0.099139,0.792778,0.039962,0.026816,0.754725,0.654274,-0.683723,-0.142650,0.059799,1.388646,-0.015553,-0.174939,0.105700,-0.116382,-0.007662,0.146065,-0.217514,0.068341,0.454944,-0.148715,0.203171,0.210476,1.339283,-0.475385,-0.496575,0.037238,-0.300556,-0.273657,-1.324935,0.031377,0.893268,-0.145021,-0.084792,-0.228388,0.101677
0.198475,0.107041,0.792478,0.043306,0.034234,0.762811,0.644261,-0.598128,-0.196818,0.059501,1.172008,-0.050031,-0.168551,0.114827,-0.140837,0.008772,0.161275,-0.242141,0.080068,0.491358,-0.167984,0.202937,0.396750,1.396305,-0.372261,-0.444542,-0.022999,-0.294184,-0.359250,-1.345911,-0.045806,0.860206,-0.125509,-0.125275,-0.274037,0.034201
0.191863,0.113795,0.791384,0.041558,0.034778,0.767772,0.638428,-0.511426,-0.228214,0.035230,0.955033,-0.071998,-0.152836,0.111383,-0.147007,0.009478,0.191159,-0.253441,0.071134,0.516143,-0.184365,0.193693,0.524237,1.386204,-0.307532,-0.360053,-0.030074,-0.281913,-0.416671,-1.288629,-0.157549,0.859310,-0.004067,-0.139547,-0.271985,-0.026221
0.184847,0.118404,0.788123,0.031650,0.027787,0.772970,0.633044,-0.438946,-0.229506,0.001124,0.782708,-0.093006,-0.130145,0.103707,-0.129793,0.006656,0.217636,-0.264582,0.073599,0.529686,-0.190317,0.179221,0.585978,1.340291,-0.288102,-0.274310,-0.001902,-0.264812,-0.437331,-1.172061,-0.261625,0.892471,0.212998,-0.145550,-0.197160,-0.050713
0.176293,0.121268,0.781851,0.022315,0.016228,0.781358,0.623472,-0.373382,-0.221120,-0.027299,0.647474,-0.109906,-0.106820,0.109908,-0.105652,0.025030,0.236669,-0.289488,0.081954,0.526091,-0.191132,0.181129,0.602167,1.284510,-0.295186,-0.199236,0.043736,-0.246914,-0.437965,-1.027054,-0.332093,0.956363,0.475930,-0.173179,-0.077960,-0.030605
