-0.007761,-0.033793,0.761370,-0.057755,0.112534,0.467712,0.874783,-0.746214,0.029544,0.202020,0.375979,-0.156106,0.049046,-0.036902,-0.009731,-0.107976,0.265656,-0.377121,-0.057023,0.105155,0.023315,0.153668,-0.026813,0.279704,0.000131,1.570796,-0.234811,0.072349,0.067813,0.138355,-0.359948,0.146404,1.561702,0.235957,0.013700,0.036610
-0.003562,-0.005616,0.758919,-0.061730,0.108463,0.480372,0.868141,-0.737777,0.016746,0.199128,0.434124,-0.154265,0.087734,-0.022514,-0.020412,-0.107752,0.321433,-0.333923,-0.058164,0.102422,0.032207,0.132944,-0.186487,0.236084,-0.059234,1.552265,-0.280566,0.045813,0.078085,-0.003877,-0.332831,0.258720,1.514175,0.243440,0.009924,0.055190
0.001139,0.023878,0.755698,-0.063957,0.104442,0.496959,0.859088,-0.711252,-0.020365,0.184151,0.481897,-0.153240,0.127401,-0.008146,-0.031242,-0.104883,0.397205,-0.309101,-0.036858,0.091168,0.030208,0.110672,-0.356090,0.185734,-0.155537,1.505705,-0.310266,0.024586,0.082272,-0.161725,-0.289673,0.394605,1.430294,0.257435,-0.001638,0.068612
0.007305,0.053818,0.753173,-0.064044,0.097197,0.512468,0.850781,-0.669139,-0.058851,0.162041,0.509246,-0.155263,0.204390,-0.013485,-0.035417,-0.100112,0.525419,-0.277033,-0.020562,0.103032,0.018137,0.092274,-0.514296,0.128010,-0.295457,1.430302,-0.322966,-0.003375,0.074518,-0.331271,-0.238792,0.529465,1.308781,0.286024,-0.025373,0.072654
0.015451,0.085189,0.751158,-0.057430,0.083300,0.530605,0.841559,-0.604499,-0.108937,0.095656,0.538612,-0.037883,0.232762,-0.045449,-0.039517,-0.083918,0.734641,-0.189906,-0.005590,0.147045,0.002612,0.074326,-0.645510,0.072100,-0.433536,1.337773,-0.337294,-0.045731,0.058952,-0.488182,-0.198441,0.619457,1.178733,0.333241,-0.052721,0.067387
0.021205,0.114592,0.750183,-0.042740,0.071312,0.565839,0.820313,-0.550155,-0.194593,0.032786,0.599397,-0.135089,0.317682,-0.126406,-0.050133,-0.061645,0.952547,-0.149667,0.018133,0.158331,-0.010861,0.068067,-0.777340,0.023846,-0.520012,1.224584,-0.372478,-0.110517,0.049734,-0.631602,-0.191895,0.656115,1.054502,0.386809,-0.084476,0.057348
0.024822,0.142434,0.749257,-0.025688,0.055402,0.604407,0.794331,-0.465930,-0.253802,0.025634,0.622466,-0.196537,0.338225,-0.233536,-0.056813,-0.046941,1.139118,-0.102003,0.022078,0.142330,-0.010167,0.071433,-0.919502,0.033279,-0.545849,1.093234,-0.438707,-0.192203,0.067475,-0.768294,-0.229742,0.645728,0.944167,0.443390,-0.114824,0.026460
0.028792,0.168984,0.748441,-0.012489,0.039508,0.645728,0.762442,-0.380579,-0.303507,-0.017295,0.634973,-0.226550,0.319252,-0.347858,-0.052947,-0.031493,1.286921,-0.072225,0.028888,0.095887,-0.010261,0.074395,-1.071115,0.096542,-0.525311,0.972392,-0.507934,-0.266546,0.177415,-0.904013,-0.287906,0.600193,0.842360,0.512879,-0.156197,-0.030612
0.032679,0.193509,0.750372,-0.003515,0.028384,0.687008,0.726087,-0.315294,-0.328023,-0.037350,0.650004,-0.229329,0.207523,-0.464024,-0.050556,-0.008574,1.364675,-0.068872,0.044221,0.042910,-0.014484,0.089450,-1.224492,0.148196,-0.518147,0.825633,-0.553086,-0.307003,0.321051,-1.033068,-0.327411,0.542183,0.731005,0.583022,-0.212109,-0.121902
0.037148,0.219234,0.757922,-0.006183,0.031278,0.724468,0.688571,-0.269462,-0.335455,-0.046319,0.621037,-0.195371,0.133370,-0.579793,-0.051625,0.021863,1.358753,-0.078225,0.067263,-0.002940,-0.027518,0.075803,-1.365315,0.182069,-0.527336,0.701462,-0.540559,-0.312023,0.482672,-1.129420,-0.344238,0.482468,0.607766,0.634159,-0.264342,-0.227381
0.041108,0.247434,0.771924,-0.024515,0.041229,0.756227,0.652549,-0.233012,-0.317945,-0.063323,0.541731,-0.129249,0.073460,-0.673171,-0.046523,0.043985,1.249459,-0.072030,0.095667,-0.034576,-0.031824,0.026556,-1.484960,0.199013,-0.533860,0.638644,-0.491431,-0.311479,0.600547,-1.210895,-0.359540,0.433935,0.508474,0.659162,-0.289014,-0.304817
0.042104,0.276851,0.791058,-0.047486,0.042890,0.783748,0.617773,-0.194280,-0.279456,-0.087933,0.457535,-0.024370,0.022401,-0.716546,-0.026074,0.040600,1.026262,-0.017508,0.132096,-0.059980,-0.010798,-0.023566,-1.575971,0.201038,-0.525641,0.642700,-0.456897,-0.307644,0.642567,-1.281992,-0.375506,0.398814,0.465935,0.669984,-0.297127,-0.336133
0.043216,0.305829,0.807558,-0.057715,0.031623,0.807984,0.585518,-0.135012,-0.207976,-0.072105,0.402211,0.015059,-0.033013,-0.694615,-0.025451,0.026268,0.725716,0.089074,0.176857,-0.072436,0.003797,-0.036988,-1.637035,0.189122,-0.512622,0.695637,-0.451149,-0.305862,0.624773,-1.326343,-0.375650,0.379933,0.477816,0.672396,-0.306021,-0.332449
0.045025,0.333491,0.815497,-0.056258,0.017081,0.831118,0.552979,-0.089729,-0.152858,-0.043009,0.409355,0.062173,-0.063534,-0.631258,-0.043069,0.024026,0.424071,0.216423,0.221676,-0.079600,-0.001786,-0.028759,-1.659504,0.163673,-0.506720,0.791872,-0.447535,-0.311222,0.599407,-1.328885,-0.357072,0.373922,0.533296,0.671562,-0.308579,-0.328802
0.047227,0.359029,0.815999,-0.047104,0.007490,0.853309,0.519219,-0.075337,-0.122848,-0.006199,0.481423,0.062569,-0.064481,-0.557361,-0.064915,0.039257,0.219483,0.303810,0.249553,-0.077660,-0.027802,-0.010154,-1.634683,0.125152,-0.520294,0.931233,-0.435125,-0.316845,0.566456,-1.284245,-0.326967,0.384258,0.616435,0.666521,-0.308518,-0.321326
0.049366,0.381762,0.810883,-0.038418,0.002950,0.873644,0.485037,-0.086116,-0.104331,0.025893,0.583560,0.020160,-0.043913,-0.492447,-0.066714,0.074120,0.161184,0.297287,0.247466,-0.061359,-0.055655,0.021019,-1.558290,0.081242,-0.548970,1.086461,-0.428430,-0.313165,0.516536,-1.203531,-0.289644,0.407248,0.717895,0.674046,-0.308050,-0.310836
0.048961,0.403348,0.796946,-0.040530,-0.000880,0.893489,0.447253,-0.124013,-0.085845,0.026252,0.792107,-0.045881,-0.015116,-0.482104,-0.045830,0.111128,0.225209,0.207517,0.217355,-0.060706,-0.060177,0.041718,-1.434389,0.042406,-0.584455,1.231123,-0.429585,-0.279875,0.449344,-1.097169,-0.255848,0.445116,0.824821,0.693608,-0.288756,-0.294861
0.047363,0.423389,0.772869,-0.047731,-0.012249,0.909842,0.412018,-0.147705,-0.053478,0.016386,1.008080,-0.093958,0.015101,-0.513592,0.006055,0.134496,0.369628,0.090888,0.174213,-0.066151,-0.040284,0.078357,-1.286995,0.022191,-0.620661,1.349110,-0.424417,-0.213478,0.377025,-0.987077,-0.234943,0.492402,0.923995,0.710639,-0.241484,-0.273550
0.045882,0.444919,0.740692,-0.057377,-0.011900,0.927640,0.368850,-0.192684,-0.046944,0.013351,1.191074,-0.138612,0.041876,-0.547850,0.031723,0.156704,0.497637,-0.213611,0.116552,-0.082020,-0.044623,0.099713,-1.119607,0.027209,-0.646889,1.445400,-0.409969,-0.128576,0.307430,-0.866664,-0.219430,0.525480,1.013084,0.728982,-0.171348,-0.247121
0.042385,0.457711,0.721371,-0.072815,-0.022584,0.939302,0.334515,-0.260448,-0.018445,0.016154,1.355601,-0.185767,0.058179,-0.634499,0.078348,0.152898,0.678680,-0.219269,0.075728,-0.073128,-0.012221,0.154150,-0.926698,0.074108,-0.631815,1.504317,-0.397115,-0.064813,0.254984,-0.756782,-0.225894,0.534544,1.091181,0.747928,-0.099832,-0.215022
0.037062,0.468642,0.710948,-0.081970,-0.027559,0.950118,0.299663,-0.339008,0.018085,0.021854,1.490551,-0.229257,0.060835,-0.690415,0.108058,0.152939,0.840661,-0.340459,0.034491,-0.051308,-0.000481,0.220813,-0.725521,0.174368,-0.564455,1.538534,-0.395440,-0.018789,0.218180,-0.650435,-0.257133,0.516955,1.161334,0.756563,-0.039793,-0.181498
0.029985,0.480493,0.704359,-0.086206,-0.018568,0.964382,0.249382,-0.443571,0.065095,0.015810,1.589552,-0.263219,0.052140,-0.702940,0.053242,0.124034,0.913403,-0.310531,-0.023022,-0.014560,-0.022851,0.278356,-0.534173,0.318135,-0.451185,1.553593,-0.402395,0.009212,0.199199,-0.521291,-0.314797,0.469950,1.219951,0.749878,0.002235,-0.152267
0.020407,0.487569,0.715009,-0.093231,-0.008294,0.978389,0.184374,-0.585490,0.114522,0.008181,1.659662,-0.285015,0.037693,-0.657631,-0.067331,0.035231,0.892371,-0.373961,-0.045255,0.046929,-0.050820,0.359744,-0.363782,0.479313,-0.311337,1.556989,-0.416264,0.022511,0.198912,-0.362675,-0.395514,0.403025,1.272898,0.733832,0.028116,-0.125648
0.006134,0.490605,0.731570,-0.095184,0.007712,0.989339,0.109952,-0.735080,0.159703,0.024782,1.672311,-0.299717,0.021391,-0.593829,-0.166718,0.031893,0.867707,-0.377207,-0.082037,0.110912,-0.084102,0.444346,-0.195895,0.636221,-0.179840,1.556014,-0.428405,0.043276,0.205834,-0.188239,-0.478980,0.334431,1.331993,0.715657,0.051420,-0.105105
-0.014655,0.486578,0.743928,-0.085918,0.011449,0.995768,0.030552,-0.874361,0.207063,0.046642,1.630490,-0.311465,0.006723,-0.486459,-0.230464,0.041090,0.850648,-0.352174,-0.127131,0.160553,-0.079315,0.497917,0.000115,0.746634,-0.086665,1.555018,-0.427043,0.072410,0.211658,-0.005361,-0.553837,0.261160,1.404510,0.701420,0.077412,-0.090979
-0.041318,0.475087,0.754823,-0.072784,-0.003637,0.996531,-0.040187,-0.999407,0.251449,0.071795,1.551726,-0.321786,-0.006654,-0.343720,-0.243521,0.016555,0.799397,-0.269275,-0.130700,0.214553,-0.050943,0.510881,0.237088,0.794241,-0.018992,1.557415,-0.417874,0.109707,0.210907,0.185287,-0.604114,0.173674,1.483475,0.692510,0.108850,-0.079161
-0.072761,0.459899,0.767495,-0.061700,-0.025267,0.992750,-0.100013,-1.067428,0.261692,0.125453,1.429561,-0.332240,-0.021534,-0.216275,-0.220987,-0.026975,0.743418,-0.114596,-0.119857,0.285516,-0.049804,0.503920,0.492007,0.790534,0.054740,1.561375,-0.410790,0.151687,0.203901,0.371831,-0.619125,0.071135,1.537563,0.681120,0.146487,-0.070553
-0.106120,0.439810,0.775913,-0.057799,-0.055126,0.984075,-0.158800,-1.076848,0.269370,0.183296,1.255507,-0.336874,-0.037624,-0.141500,-0.215790,-0.074985,0.743244,-0.133360,-0.074095,0.331346,-0.047114,0.460803,0.728842,0.731896,0.153109,1.560463,-0.405317,0.192571,0.189212,0.538605,-0.619193,-0.042445,1.560490,0.654553,0.180198,-0.071062
-0.140060,0.414522,0.775296,-0.053778,-0.097502,0.967708,-0.226147,-1.040268,0.279695,0.223452,1.055392,-0.323417,-0.048229,-0.084211,-0.217449,-0.112618,0.799419,-0.139976,-0.029261,0.336465,-0.013944,0.375665,0.918322,0.641647,0.265041,1.559456,-0.382493,0.220375,0.172551,0.681568,-0.613786,-0.176269,1.564952,0.612286,0.203602,-0.079442
-0.174037,0.387199,0.766857,-0.052996,-0.140317,0.940566,-0.304695,-0.968832,0.257593,0.242027,0.851131,-0.282357,-0.038043,-0.053255,-0.213446,-0.143190,0.924633,-0.098661,0.002068,0.306164,0.017129,0.260565,1.047622,0.558982,0.359510,1.557891,-0.326434,0.225843,0.152232,0.770722,-0.607556,-0.309481,1.568472,0.554216,0.203585,-0.094994
-0.202974,0.359726,0.752026,-0.046184,-0.169583,0.903586,-0.390692,-0.835621,0.185651,0.224656,0.666150,-0.315711,-0.067853,-0.049420,-0.210009,-0.142839,1.107358,-0.042891,0.011485,0.251859,0.052798,0.174071,1.082906,0.504095,0.391842,1.548310,-0.244226,0.204938,0.132392,0.787462,-0.603759,-0.382575,1.563637,0.489677,0.173109,-0.108643
-0.222505,0.339534,0.749082,-0.038157,-0.180925,0.850437,-0.492512,-0.752484,0.097828,0.195110,0.554576,-0.242998,0.000993,-0.075162,-0.201315,-0.114441,1.296442,-0.023880,0.006305,0.157411,0.088935,0.139827,0.972750,0.485640,0.358526,1.521393,-0.162910,0.170152,0.116885,0.715997,-0.590083,-0.353336,1.534359,0.433283,0.125748,-0.107492
-0.236968,0.323136,0.756261,-0.025148,-0.177464,0.785820,-0.591913,-0.684171,0.028724,0.170380,0.525147,-0.224370,0.048764,-0.132164,-0.209059,-0.066930,1.405757,-0.049704,-0.004552,0.058798,0.122058,0.101328,0.740416,0.492678,0.266855,1.454927,-0.110583,0.139688,0.111148,0.595146,-0.570731,-0.238574,1.472033,0.393113,0.084556,-0.100678
-0.248253,0.311065,0.763057,-0.004278,-0.163589,0.717205,-0.677376,-0.596843,-0.017038,0.140884,0.516058,-0.257701,0.049154,-0.241357,-0.250048,-0.012677,1.357916,-0.091245,0.001478,-0.007394,0.147525,0.020301,0.397937,0.516682,0.113207,1.327284,-0.096746,0.094638,0.127738,0.418254,-0.540925,-0.081133,1.343472,0.373530,0.049377,-0.101809
-0.257315,0.317102,0.767742,-0.019539,-0.176341,0.647805,-0.740858,-0.619464,-0.082476,0.080901,0.463005,-0.321012,0.004366,-0.536759,-0.307212,0.047661,1.096173,-0.104653,0.050214,0.006681,0.137954,-0.146542,-0.099923,0.431988,-0.225098,1.138430,-0.165634,-0.026856,0.217839,0.173314,-0.497941,0.138394,1.080619,0.385914,-0.037588,-0.145999
-0.270978,0.337213,0.763052,-0.050840,-0.195456,0.590418,-0.781421,-0.704691,-0.168732,0.011991,0.423842,-0.381202,-0.043823,-0.940570,-0.371385,0.126363,0.741366,-0.086050,0.113801,0.004513,0.090970,-0.258497,-0.656392,0.239914,-0.640087,0.904477,-0.271049,-0.185035,0.343972,-0.213866,-0.536153,0.347331,0.736681,0.403822,-0.186453,-0.221365
-0.288496,0.342484,0.755903,-0.051425,-0.194736,0.538661,-0.818094,-0.731590,-0.245117,-0.100929,0.455868,-0.343762,-0.077054,-1.287351,-0.378840,0.150390,0.547994,-0.050005,0.149363,-0.025167,0.081681,-0.285918,-1.228468,0.101772,-0.902104,0.790640,-0.350095,-0.311615,0.437138,-0.632534,-0.607653,0.396361,0.515486,0.416018,-0.284496,-0.272851
-0.302508,0.319300,0.757159,-0.015142,-0.178899,0.478156,-0.859728,-0.659844,-0.220701,-0.154877,0.495690,-0.165286,-0.067664,-1.548346,-0.335329,0.155589,0.565612,-0.031173,0.140923,-0.044730,0.127431,-0.333890,-1.570048,0.068775,-0.911006,0.762560,-0.345500,-0.341113,0.457814,-0.846421,-0.703997,0.311041,0.426426,0.386270,-0.308447,-0.272332
-0.315348,0.287301,0.776689,0.052330,-0.110849,0.398080,-0.909124,-0.446050,-0.176459,-0.162227,0.525113,-0.041765,0.000613,-1.608977,-0.288133,0.167161,0.671399,-0.016351,0.117525,-0.095058,0.167738,-0.286492,-1.655019,0.125041,-0.860961,0.795515,-0.304816,-0.336763,0.456398,-0.838589,-0.812002,0.233701,0.409156,0.330265,-0.313502,-0.252201
-0.326927,0.252388,0.806436,0.121207,-0.065898,0.294849,-0.945532,-0.347660,-0.068844,-0.151914,0.653401,0.051856,-0.015575,-1.674263,-0.266246,0.194437,0.742199,-0.006871,0.094786,-0.163908,0.224816,-0.311922,-1.569997,0.205619,-0.854523,0.849989,-0.241269,-0.321719,0.439804,-0.702419,-0.903749,0.212789,0.441241,0.266484,-0.299792,-0.209707
-0.334793,0.225214,0.847365,0.180116,-0.048504,0.178984,-0.966008,-0.340426,0.091503,-0.116841,0.668480,0.329084,-0.117538,-1.767990,-0.303125,0.252174,0.750946,-0.004617,0.077687,-0.255219,0.308949,-0.372462,-1.429255,0.268493,-0.865095,0.918990,-0.189306,-0.299741,0.407699,-0.556417,-0.987650,0.225417,0.512381,0.225404,-0.282398,-0.167305
-0.347100,0.202986,0.887547,0.225106,0.023119,0.057971,-0.972333,-0.288422,0.218073,-0.094084,0.771787,0.337146,-0.137429,-1.714136,-0.384747,0.302018,0.697923,-0.006016,0.077830,-0.368138,0.292022,-0.288922,-1.273280,0.316451,-0.836491,0.924750,-0.169180,-0.279589,0.339222,-0.436799,-1.046341,0.264446,0.592110,0.213378,-0.273174,-0.159935
-0.359887,0.179406,0.917768,0.249594,0.145535,-0.054475,-0.955801,-0.126401,0.316475,-0.057107,0.848162,0.270587,-0.158548,-1.554922,-0.475522,0.330066,0.637280,-0.012299,0.088275,-0.448203,0.165485,-0.099539,-1.143947,0.361992,-0.810067,0.891443,-0.150292,-0.257174,0.275839,-0.350882,-1.044460,0.307066,0.661701,0.230813,-0.276761,-0.173592
-0.370979,0.158755,0.937908,0.269579,0.238585,-0.147670,-0.921194,-0.069034,0.385706,-0.014262,0.985841,0.250176,-0.187938,-1.425103,-0.523374,0.369173,0.582485,0.003934,0.084068,-0.484557,0.069896,0.053354,-1.021858,0.361191,-0.768412,0.905218,-0.150223,-0.217775,0.246606,-0.238051,-1.010902,0.326058,0.719403,0.222099,-0.276013,-0.194479
-0.381561,0.138082,0.949181,0.289781,0.297417,-0.209924,-0.885157,-0.139713,0.405636,0.021532,1.224785,0.252249,-0.199676,-1.357669,-0.483790,0.394113,0.549262,0.040925,0.052292,-0.471025,0.009983,0.147801,-0.880166,0.325429,-0.716205,0.989993,-0.154021,-0.160645,0.251191,-0.091503,-0.936078,0.311578,0.784406,0.196941,-0.245272,-0.199673
-0.391579,0.113571,0.951659,0.323503,0.344525,-0.260723,-0.841826,-0.278788,0.426013,0.047423,1.446635,0.237230,-0.194515,-1.314334,-0.386633,0.386414,0.570793,0.074300,0.005101,-0.432114,-0.027878,0.245325,-0.743088,0.284351,-0.665100,1.097118,-0.152909,-0.100104,0.256943,0.022279,-0.837257,0.285125,0.866304,0.195417,-0.193289,-0.188510
-0.396575,0.082636,0.947993,0.373814,0.386893,-0.318499,-0.780471,-0.468955,0.459799,0.056359,1.600147,0.207943,-0.186323,-1.298539,-0.265396,0.364424,0.663866,0.091385,-0.050267,-0.385511,-0.069259,0.360717,-0.634944,0.242377,-0.615497,1.200411,-0.157511,-0.042831,0.265556,0.096162,-0.732090,0.269155,0.949395,0.218463,-0.141697,-0.165565
-0.390770,0.050159,0.943742,0.439474,0.410290,-0.369364,-0.708586,-0.716547,0.472237,0.052826,1.680663,0.186231,-0.176089,-1.390668,-0.106557,0.305111,0.822240,0.085849,-0.110085,-0.345392,-0.113315,0.425010,-0.543381,0.220563,-0.583402,1.295836,-0.160133,0.012668,0.285399,0.121211,-0.627171,0.286175,1.017567,0.258881,-0.096292,-0.129854
-0.369007,0.028742,0.948470,0.523043,0.390828,-0.380804,-0.654727,-1.089702,0.468462,0.104311,1.692544,0.184488,-0.163778,-1.684965,0.180863,0.281872,1.024889,0.062763,-0.160972,-0.282113,-0.164923,0.261797,-0.418282,0.233713,-0.579682,1.396261,-0.152656,0.067996,0.306954,0.130623,-0.519216,0.340591,1.077792,0.301742,-0.051868,-0.086803
-0.349355,0.027380,0.948210,0.653893,0.383006,-0.421614,-0.497968,-1.397124,0.390473,0.099520,1.601351,0.180892,-0.135987,-1.845536,0.160575,0.011116,1.131494,-0.034662,-0.206506,-0.229327,-0.114846,0.164001,-0.488656,0.133327,-0.564819,1.385540,-0.153577,0.150188,0.307636,0.159681,-0.461766,0.377978,1.096278,0.364721,-0.016289,-0.052268
-0.338637,0.045830,0.948521,0.775521,0.360872,-0.470381,-0.216980,-1.595691,0.173370,0.110885,1.543158,0.155817,-0.079188,-1.908893,0.104877,-0.077799,1.195687,-0.160266,-0.238691,-0.353093,-0.064177,0.234921,-0.580192,0.108539,-0.522494,1.440895,-0.217647,0.176219,0.223438,0.108946,-0.365151,0.452163,1.082611,0.432548,0.017974,-0.043206
-0.345024,0.078423,0.930828,0.779216,0.358164,-0.476766,0.192965,-1.566074,0.090038,0.006783,1.711495,0.077611,-0.017515,-1.816365,-0.005657,-0.004285,1.126145,-0.232225,-0.243989,-0.496146,0.089576,0.640405,-0.706815,0.136797,-0.447543,1.425293,-0.297150,0.180361,0.071356,-0.004927,-0.311683,0.494503,0.989419,0.508184,0.061822,-0.023572
-0.355673,0.126424,0.873544,0.727796,0.367874,-0.367637,0.447018,-1.701112,0.151973,-0.108575,1.876699,-0.011331,0.018484,-1.871707,-0.130317,0.107078,0.983852,-0.213183,-0.231250,-0.468021,0.239784,0.607265,-0.698718,0.132271,-0.469645,1.433011,-0.342398,0.163639,-0.075594,-0.007436,-0.340966,0.478359,0.973237,0.610482,0.104040,0.014970
-0.362031,0.156641,0.786596,0.658632,0.435127,-0.227820,0.570058,-1.829142,0.233878,-0.149357,1.835485,-0.095904,0.012997,-2.110946,-0.217237,0.113061,0.904072,-0.102477,-0.198383,-0.408996,0.390459,0.415693,-0.590852,0.129597,-0.553080,1.384653,-0.346113,0.138175,-0.167665,-0.006882,-0.454995,0.392808,0.994611,0.718936,0.140647,0.035729
-0.366377,0.170193,0.697141,0.580737,0.472730,-0.115418,0.652648,-1.746908,0.349965,-0.165411,1.738280,-0.176022,-0.007766,-2.201587,-0.311618,0.401827,0.615746,0.346255,-0.229167,-0.434284,0.481171,0.384116,-0.474265,0.131797,-0.642307,1.323462,-0.344111,0.097240,-0.212071,-0.015629,-0.545607,0.288841,1.007644,0.819173,0.168895,0.010547
-0.372115,0.171234,0.659497,0.483176,0.501980,-0.049084,0.715645,-1.594994,0.442504,-0.222644,1.623487,-0.245073,-0.032324,-2.154396,-0.273074,0.478439,0.907215,-0.228628,-0.144398,-0.401703,0.545893,0.609928,-0.508538,0.135997,-0.644013,1.193462,-0.355051,0.054970,-0.191067,-0.087603,-0.655983,0.196780,0.945406,0.893601,0.161189,-0.041795
-0.376086,0.179282,0.656587,0.430374,0.506663,0.016974,0.746848,-1.403770,0.462902,-0.154048,1.494174,-0.296995,-0.048023,-2.177496,-0.312674,0.455639,1.102326,-0.456052,-0.143338,-0.390450,0.494100,0.596578,-0.544069,0.136552,-0.560336,1.223440,-0.363703,0.054154,-0.128784,-0.175681,-0.700455,0.188697,1.014764,0.902096,0.138735,-0.115924
-0.378087,0.185339,0.658200,0.365779,0.495295,0.063537,0.785399,-1.188440,0.501686,-0.079222,1.345339,-0.304612,-0.061964,-2.069703,-0.312051,0.384027,1.236589,-0.524609,-0.179939,-0.346221,0.435966,0.565284,-0.546883,0.180936,-0.506521,1.239869,-0.332985,0.028378,-0.062338,-0.132932,-0.703233,0.155779,0.999197,0.872624,0.063840,-0.165258
-0.375966,0.191009,0.660087,0.303073,0.476640,0.119408,0.816519,-1.033314,0.403880,0.019884,1.203475,-0.274176,-0.067371,-1.887326,-0.345082,0.233575,1.294968,-0.488664,-0.212877,-0.370432,0.376501,0.547892,-0.532891,0.226896,-0.463216,1.258095,-0.285432,-0.047009,-0.110472,-0.113196,-0.694381,0.124114,0.965568,0.825018,-0.009494,-0.164733
-0.375587,0.199571,0.663145,0.242038,0.459441,0.179780,0.835470,-0.918032,0.251551,0.101593,1.076234,-0.232729,-0.059987,-1.730929,-0.393765,0.152186,1.241012,-0.604761,-0.315047,-0.370778,0.351527,0.508382,-0.533135,0.292606,-0.425431,1.221150,-0.259623,-0.099720,-0.068995,-0.092658,-0.713638,0.109264,0.943205,0.772857,-0.059534,-0.125918
-0.375521,0.208124,0.667316,0.177939,0.447693,0.237378,0.843540,-0.832968,0.142785,0.156210,0.958978,-0.200853,-0.051639,-1.626056,-0.382763,0.060993,1.217206,-0.636340,-0.310989,-0.357392,0.358444,0.441165,-0.538237,0.362521,-0.441557,1.213713,-0.198404,-0.106661,-0.018989,-0.072030,-0.734480,0.081491,0.950959,0.706528,-0.084367,-0.079612
-0.372499,0.212258,0.675459,0.126630,0.425908,0.301248,0.843693,-0.759044,0.049971,0.206767,0.878269,-0.186577,-0.057213,-1.505734,-0.330012,0.010624,1.181922,-0.612289,-0.301521,-0.363132,0.354344,0.382829,-0.551626,0.396923,-0.482295,1.192649,-0.121818,-0.113301,0.011998,-0.039921,-0.739108,0.060441,1.000235,0.619074,-0.084441,-0.035790
-0.366459,0.212305,0.691719,0.089731,0.393377,0.374266,0.834942,-0.691894,-0.028980,0.260866,0.889264,-0.183379,-0.078462,-1.369079,-0.301708,-0.023782,1.114544,-0.549859,-0.282320,-0.398710,0.340225,0.352302,-0.581643,0.390477,-0.540065,1.154193,-0.037902,-0.119438,0.024464,-0.001087,-0.721326,0.049899,1.076815,0.538582,-0.071203,0.008684
-0.358708,0.209952,0.711551,0.064299,0.355894,0.451289,0.815809,-0.618812,-0.101095,0.323837,0.956031,-0.176486,-0.105953,-1.242469,-0.338063,-0.068789,1.063672,-0.468639,-0.240896,-0.440954,0.322156,0.325402,-0.608113,0.361593,-0.600405,1.113802,0.031762,-0.125428,0.020537,0.043069,-0.684603,0.052969,1.148790,0.483393,-0.052021,0.044760
-0.349034,0.204899,0.732404,0.045266,0.314597,0.527581,0.787806,-0.533979,-0.168099,0.381024,1.013327,-0.158222,-0.131317,-1.103040,-0.375113,-0.124797,1.015699,-0.402210,-0.217697,-0.456631,0.306770,0.294141,-0.615723,0.331766,-0.660190,1.078977,0.083834,-0.134150,0.002780,0.075042,-0.642509,0.067637,1.199044,0.447707,-0.032233,0.062111
-0.337861,0.197558,0.755512,0.027511,0.277831,0.602714,0.747522,-0.467091,-0.215042,0.440365,1.001079,-0.127204,-0.150727,-0.979923,-0.392404,-0.173924,0.953697,-0.300495,-0.233966,-0.418865,0.313604,0.239323,-0.594491,0.298025,-0.710306,1.052338,0.113103,-0.146276,-0.029380,0.101001,-0.613903,0.087784,1.220827,0.417557,-0.007561,0.074040
-0.323903,0.187394,0.773039,0.008913,0.242371,0.678469,0.693439,-0.383105,-0.281112,0.466279,0.953102,-0.096068,-0.157325,-0.897103,-0.347462,-0.236139,0.870591,-0.243265,-0.167798,-0.415233,0.309959,0.195750,-0.566286,0.280227,-0.724542,1.039304,0.114081,-0.144051,-0.064948,0.130088,-0.586921,0.124922,1.206060,0.385594,0.002465,0.097912
-0.306512,0.175627,0.780354,-0.010675,0.205517,0.754364,0.623365,-0.263583,-0.317870,0.449531,0.885011,-0.085554,-0.136532,-0.848975,-0.286950,-0.302353,0.715823,-0.085216,-0.070453,-0.440392,0.295619,0.169322,-0.550617,0.273916,-0.705556,1.040853,0.095369,-0.146461,-0.092422,0.173485,-0.564146,0.161434,1.163453,0.364779,0.008799,0.127084
-0.286614,0.166324,0.782058,-0.025289,0.168759,0.826179,0.536944,-0.162902,-0.320183,0.391288,0.789645,-0.118910,-0.088369,-0.771711,-0.270163,-0.328625,0.591635,0.291998,0.068535,-0.465110,0.274364,0.117799,-0.529967,0.299822,-0.673133,1.042837,0.067371,-0.154150,-0.098345,0.221873,-0.565070,0.184234,1.122389,0.357518,0.005511,0.136273
-0.265642,0.153339,0.789501,-0.052416,0.128710,0.879943,0.454298,-0.117448,-0.285559,0.317889,0.652591,-0.198506,-0.025941,-0.744784,-0.245625,-0.359902,0.543229,0.356720,0.157825,-0.474646,0.276732,0.070075,-0.520262,0.356558,-0.629660,1.046862,0.036141,-0.167341,-0.075935,0.238962,-0.591113,0.183935,1.102228,0.350275,-0.009147,0.115556
-0.239587,0.133415,0.795687,-0.075796,0.083375,0.916609,0.383578,-0.056663,-0.196538,0.251339,0.511391,-0.304188,0.034261,-0.775599,-0.210817,-0.385385,0.467356,0.259907,0.172000,-0.469640,0.265506,0.097195,-0.547911,0.434623,-0.581043,1.061713,0.007116,-0.180678,-0.033306,0.226430,-0.612874,0.152149,1.106388,0.345031,-0.027095,0.075925
-0.210536,0.113665,0.791122,-0.097704,0.053445,0.937325,0.330182,-0.023561,-0.113436,0.197437,0.393418,-0.402233,0.080686,-0.875206,-0.207407,-0.371484,0.366364,0.185437,0.166897,-0.447067,0.222369,0.121681,-0.571866,0.527020,-0.534615,1.096330,-0.019594,-0.180690,0.014007,0.200038,-0.635288,0.101876,1.128461,0.340968,-0.039676,0.038558
-0.182661,0.097748,0.778595,-0.109570,0.031805,0.946913,0.300564,-0.030065,-0.073163,0.172876,0.288981,-0.459567,0.100548,-0.928381,-0.197572,-0.342091,0.317807,0.147624,0.162049,-0.394210,0.149905,0.126134,-0.562789,0.601742,-0.485479,1.151061,-0.047876,-0.166988,0.054145,0.165150,-0.654562,0.060024,1.160955,0.325279,-0.048618,0.013454
-0.159275,0.084309,0.760936,-0.114359,0.010168,0.953539,0.278534,-0.045858,-0.058505,0.147361,0.172740,-0.279808,0.082917,-0.901555,-0.169431,-0.304927,0.307746,0.135057,0.162813,-0.337564,0.087608,0.124424,-0.520440,0.648018,-0.429423,1.211156,-0.073286,-0.145695,0.071640,0.131386,-0.674997,0.043773,1.184911,0.295025,-0.058260,0.007011
-0.145535,0.075779,0.760730,-0.111991,0.001595,0.960544,0.254579,-0.033264,-0.045083,0.127426,0.122001,-0.315745,0.023103,-0.845251,-0.146242,-0.237370,0.330548,0.143533,0.166481,-0.313269,0.034705,0.127711,-0.448577,0.677640,-0.370164,1.267282,-0.089638,-0.114726,0.060308,0.103323,-0.683838,0.056830,1.192228,0.250963,-0.070210,0.010029
-0.139422,0.071028,0.776803,-0.107161,-0.006471,0.967062,0.230793,-0.024998,-0.028017,0.151374,0.094409,-0.240006,-0.032513,-0.771158,-0.108854,-0.177533,0.358056,0.162305,0.169125,-0.301388,0.011336,0.139354,-0.367856,0.690118,-0.309226,1.322166,-0.096802,-0.089378,0.034469,0.085775,-0.693536,0.090877,1.171587,0.207147,-0.077482,0.021341
-0.135526,0.069641,0.795241,-0.101368,-0.014254,0.973367,0.205129,-0.034767,-0.007304,0.144865,0.105694,-0.124427,-0.055672,-0.691648,-0.064608,-0.136110,0.382042,0.173863,0.166351,-0.289139,0.000083,0.141915,-0.276224,0.695258,-0.256527,1.371016,-0.093465,-0.071120,-0.000403,0.071163,-0.703761,0.124805,1.130493,0.176691,-0.082971,0.035512
-0.133104,0.070450,0.814480,-0.096827,-0.017746,0.978574,0.180840,-0.065532,0.005474,0.122895,0.144208,0.011779,-0.076079,-0.625052,-0.019984,-0.105975,0.397666,0.168489,0.159539,-0.274358,-0.006803,0.130708,-0.176587,0.691302,-0.213809,1.411469,-0.080428,-0.056882,-0.039715,0.058511,-0.714275,0.149728,1.079209,0.161164,-0.091760,0.052058
-0.130536,0.071777,0.829323,-0.088091,-0.017668,0.984127,0.153042,-0.087789,-0.004695,0.098446,0.154491,0.065126,-0.084263,-0.542527,0.020027,-0.078468,0.394837,0.159631,0.151878,-0.257345,-0.017212,0.134319,-0.089435,0.682156,-0.176377,1.434462,-0.060998,-0.052826,-0.071366,0.046001,-0.717195,0.163131,1.025314,0.156117,-0.103375,0.062473
-0.127562,0.074777,0.834750,-0.077483,-0.018474,0.990064,0.115883,-0.107073,0.006181,0.102048,0.125649,0.077992,-0.083864,-0.437077,0.057710,-0.054618,0.369592,0.170945,0.152272,-0.243913,-0.026339,0.149023,-0.015021,0.680060,-0.137519,1.434183,-0.051255,-0.056397,-0.085817,0.032823,-0.703000,0.165295,0.974901,0.162283,-0.119312,0.061663
-0.126147,0.081490,0.829209,-0.071051,-0.013075,0.995326,0.064081,-0.138527,0.007769,0.103225,0.103110,0.077197,-0.083578,-0.342621,0.104730,-0.009680,0.342597,0.307894,0.201813,-0.256410,-0.045798,0.138840,0.044820,0.701278,-0.097013,1.418470,-0.063424,-0.059006,-0.079189,0.040223,-0.664840,0.161843,0.932061,0.175997,-0.138898,0.044856
-0.125143,0.085633,0.817211,-0.069726,-0.006276,0.997344,0.020079,-0.161907,-0.023405,0.104007,0.101944,0.026240,-0.057849,-0.284333,0.099599,-0.001470,0.309663,0.212511,0.157883,-0.258429,-0.059006,0.120618,0.076814,0.724139,-0.062526,1.392547,-0.098914,-0.061903,-0.047573,0.054230,-0.621283,0.158078,0.894642,0.192521,-0.151606,0.018055
-0.123297,0.087703,0.803132,-0.071378,-0.007569,0.997247,-0.018629,-0.175581,-0.054993,0.113220,0.138660,-0.070442,-0.018828,-0.269716,0.099694,0.023176,0.327873,0.027578,0.102362,-0.223707,-0.057772,0.104219,0.081319,0.738281,-0.041885,1.359337,-0.146155,-0.071812,-0.003766,0.057675,-0.566596,0.159225,0.869089,0.207985,-0.153568,-0.014394
-0.123936,0.091603,0.787723,-0.082781,-0.016541,0.994514,-0.061775,-0.193234,-0.054738,0.012192,0.156986,-0.333799,0.012927,-0.301713,0.085794,0.030495,0.361590,-0.174556,0.055558,-0.148369,-0.053054,0.061951,0.079609,0.728971,-0.048590,1.328303,-0.182384,-0.092085,0.040807,0.053125,-0.509425,0.177156,0.845814,0.233547,-0.155677,-0.040122
-0.125247,0.102648,0.789288,-0.101967,-0.026350,0.979245,-0.173168,-0.294288,-0.039393,-0.064411,0.196151,-0.299238,-0.002297,-0.282006,0.028768,-0.015776,0.302861,-0.159555,0.088901,-0.112129,-0.074914,0.065397,0.010226,0.677841,-0.064126,1.317634,-0.203141,-0.126895,0.084996,0.034516,-0.419393,0.212528,0.852631,0.283767,-0.169882,-0.054328
-0.132145,0.119611,0.797803,-0.143874,-0.074139,0.910466,-0.380600,-0.563088,0.033778,-0.120376,0.213025,-0.169750,-0.054627,-0.249241,0.042358,-0.055207,0.148134,-0.052381,0.191936,-0.141094,-0.033435,0.060894,-0.146650,0.598205,-0.046760,1.327178,-0.239626,-0.171263,0.125507,0.047785,-0.364989,0.276442,0.855673,0.344552,-0.208525,-0.046612
